-- MySQL dump 10.13  Distrib 8.0.21, for macos10.15 (x86_64)
--
-- Host: intakeapp.cxeot4p6uhwv.ap-south-1.rds.amazonaws.com    Database: intakeapp
-- ------------------------------------------------------
-- Server version	8.0.17

/*!40101 SET @OLD_CHARACTER_SET_CLIENT=@@CHARACTER_SET_CLIENT */;
/*!40101 SET @OLD_CHARACTER_SET_RESULTS=@@CHARACTER_SET_RESULTS */;
/*!40101 SET @OLD_COLLATION_CONNECTION=@@COLLATION_CONNECTION */;
/*!50503 SET NAMES utf8 */;
/*!40103 SET @OLD_TIME_ZONE=@@TIME_ZONE */;
/*!40103 SET TIME_ZONE='+00:00' */;
/*!40014 SET @OLD_UNIQUE_CHECKS=@@UNIQUE_CHECKS, UNIQUE_CHECKS=0 */;
/*!40014 SET @OLD_FOREIGN_KEY_CHECKS=@@FOREIGN_KEY_CHECKS, FOREIGN_KEY_CHECKS=0 */;
/*!40101 SET @OLD_SQL_MODE=@@SQL_MODE, SQL_MODE='NO_AUTO_VALUE_ON_ZERO' */;
/*!40111 SET @OLD_SQL_NOTES=@@SQL_NOTES, SQL_NOTES=0 */;
SET @MYSQLDUMP_TEMP_LOG_BIN = @@SESSION.SQL_LOG_BIN;
SET @@SESSION.SQL_LOG_BIN= 0;

--
-- GTID state at the beginning of the backup 
--

SET @@GLOBAL.GTID_PURGED=/*!80000 '+'*/ '';

--
-- Table structure for table `tbl_buildings`
--

DROP TABLE IF EXISTS `tbl_buildings`;
/*!40101 SET @saved_cs_client     = @@character_set_client */;
/*!50503 SET character_set_client = utf8mb4 */;
CREATE TABLE `tbl_buildings` (
  `building_id` int(11) NOT NULL AUTO_INCREMENT,
  `building_name` varchar(100) NOT NULL,
  `is_active` tinyint(4) DEFAULT '1',
  PRIMARY KEY (`building_id`)
) ENGINE=InnoDB AUTO_INCREMENT=13 DEFAULT CHARSET=utf8;
/*!40101 SET character_set_client = @saved_cs_client */;

--
-- Dumping data for table `tbl_buildings`
--

LOCK TABLES `tbl_buildings` WRITE;
/*!40000 ALTER TABLE `tbl_buildings` DISABLE KEYS */;
INSERT INTO `tbl_buildings` VALUES (1,'Sunnyvale Building 1',1),(2,'Sunnyvale Building 2',1),(3,'Sunnyvale Building 3',1),(4,'Sunnyvale Building 4',1),(5,'Sunnyvale Building 5',1),(6,'Sunnyvale Building 6',1),(7,'Sunnyvale Building 7',1),(8,'Santa Clara Building 8',1),(9,'Lodi',1),(10,'Bothell',1),(11,'Chicago',1),(12,'Washington, DC',1);
/*!40000 ALTER TABLE `tbl_buildings` ENABLE KEYS */;
UNLOCK TABLES;

--
-- Table structure for table `tbl_case_associate_contacts`
--

DROP TABLE IF EXISTS `tbl_case_associate_contacts`;
/*!40101 SET @saved_cs_client     = @@character_set_client */;
/*!50503 SET character_set_client = utf8mb4 */;
CREATE TABLE `tbl_case_associate_contacts` (
  `contact_id` int(11) NOT NULL AUTO_INCREMENT,
  `case_id` int(11) NOT NULL,
  `is_associate` tinyint(4) NOT NULL DEFAULT '1',
  `first_name` varchar(200) NOT NULL,
  `last_name` varchar(200) DEFAULT NULL,
  `has_social_distance` tinyint(4) DEFAULT NULL,
  `ppe_worn` varchar(250) DEFAULT NULL,
  `duration` varchar(200) DEFAULT NULL,
  `company_name` varchar(200) DEFAULT NULL,
  `details` varchar(500) DEFAULT NULL,
  `created_on` datetime NOT NULL,
  PRIMARY KEY (`contact_id`)
) ENGINE=InnoDB AUTO_INCREMENT=62 DEFAULT CHARSET=utf8;
/*!40101 SET character_set_client = @saved_cs_client */;

--
-- Dumping data for table `tbl_case_associate_contacts`
--

LOCK TABLES `tbl_case_associate_contacts` WRITE;
/*!40000 ALTER TABLE `tbl_case_associate_contacts` DISABLE KEYS */;
INSERT INTO `tbl_case_associate_contacts` VALUES (7,109,1,'ddddddddd','ddddddd',6,'12','ddddddddd',NULL,NULL,'2020-08-25 06:30:45'),(8,109,1,'asdd','asd',12,'6','asd',NULL,NULL,'2020-08-25 06:30:45'),(9,116,0,'wwwwwww','wwwwwwww',NULL,NULL,NULL,'wwwwwwww','wwww','2020-08-25 07:47:29'),(10,116,0,'asd','sd',NULL,NULL,NULL,'sdds','asd','2020-08-25 07:47:30'),(11,152,1,'as','sdsf',6,'12','SF',NULL,NULL,'2020-08-27 17:48:09'),(12,152,1,'ASDF','ASDF',6,'24','adsf',NULL,NULL,'2020-08-27 17:48:30'),(13,152,1,'as','sdsf',6,'12','SF',NULL,NULL,'2020-08-27 17:48:30'),(14,154,1,'df','asdf',0,'','',NULL,NULL,'2020-08-27 17:54:55'),(15,154,1,'asdf','asdf',12,'6','asdf',NULL,NULL,'2020-08-27 17:54:55'),(16,154,0,'aaaa','aaaaaa',NULL,NULL,NULL,'aaaaaaaa','aaaaaaa','2020-08-27 17:55:15'),(17,154,0,'sdf','asdf',NULL,NULL,NULL,'ssf','df','2020-08-27 17:55:15'),(18,154,0,'aaaa','aaaaaa',NULL,NULL,NULL,'aaaaaaaa','aaaaaaa','2020-08-27 17:55:22'),(19,154,0,'sdf','asdf',NULL,NULL,NULL,'ssf','df','2020-08-27 17:55:22'),(20,0,1,'contact name','last name',6,'24','qqqqqqqq',NULL,NULL,'2020-08-29 04:33:57'),(21,0,0,'full name','last name',NULL,NULL,NULL,'company','wwwwwww','2020-08-29 04:34:15'),(22,163,1,'contact name','last nae',6,'24','cntact',NULL,NULL,'2020-08-29 04:42:46'),(23,163,0,'abc','asd',NULL,NULL,NULL,'sf','sf','2020-08-29 04:42:59'),(24,170,1,'first name','last name',12,'24','duration',NULL,NULL,'2020-08-30 12:42:09'),(25,170,0,'name firts','awdasd',NULL,NULL,NULL,'asds','asdsd','2020-08-30 12:42:27'),(26,173,1,'Anudeep','duri',6,'6','3 days',NULL,NULL,'2020-08-31 06:49:16'),(27,176,1,'Sadiq','M',6,'6','120',NULL,NULL,'2020-08-31 16:26:07'),(28,176,0,'David','Warner',NULL,NULL,NULL,'srh','','2020-08-31 16:26:31'),(29,177,1,'Sadiq','M',6,'6','120',NULL,NULL,'2020-08-31 16:42:08'),(30,177,0,'David','Warner',NULL,NULL,NULL,'SRH','','2020-08-31 16:42:25'),(31,180,1,'Anudeep','Duri',6,'6','2',NULL,NULL,'2020-09-01 11:09:50'),(32,180,0,'Test','Test',NULL,NULL,NULL,'Neev','','2020-09-01 11:10:01'),(33,182,1,'LB','Sastry',12,'12','33',NULL,NULL,'2020-09-01 16:27:58'),(34,182,1,'Srinivas','Nel',24,'12','20',NULL,NULL,'2020-09-01 16:27:59'),(35,182,1,'Anudeep','Duri',6,'6','2 W',NULL,NULL,'2020-09-01 16:27:59'),(36,182,0,'Adi','Reddy',NULL,NULL,NULL,'Neev Systems','GTe','2020-09-01 16:28:12'),(37,183,1,'Sadiq','M',6,'6','12',NULL,NULL,'2020-09-01 18:35:20'),(38,183,0,'Sachin','Tendulkar',NULL,NULL,NULL,'MI','','2020-09-01 18:35:41'),(39,195,1,'arun','kollaa',0,'no','',NULL,NULL,'2020-09-04 13:51:08'),(40,196,1,'ad','adsf',0,'no','112',NULL,NULL,'2020-09-04 15:19:05'),(41,197,1,'fdb','dfg',0,'no','sdfg',NULL,NULL,'2020-09-04 15:29:02'),(42,197,1,'fdb','dfg',0,'no','sdfg',NULL,NULL,'2020-09-04 15:29:07'),(43,197,1,'fdb','dfg',0,'no','sdfg',NULL,NULL,'2020-09-04 15:29:42'),(44,198,1,'anudeep','duri',0,'no','32',NULL,NULL,'2020-09-05 11:27:09'),(45,200,1,'Sadiq','M',0,'no','1',NULL,NULL,'2020-09-07 13:50:08'),(46,201,1,'sadiq','mohammed',0,'no','10',NULL,NULL,'2020-09-07 15:38:31'),(47,0,1,'','',0,'','',NULL,NULL,'2020-09-13 18:11:26'),(48,204,1,'arun','kolla',0,'no','20',NULL,NULL,'2020-09-14 15:43:22'),(49,204,0,'srinivas','nelluri',NULL,NULL,NULL,'neevsystem','client','2020-09-14 15:43:58'),(50,211,1,'asd','asfd',0,'yes','7',NULL,NULL,'2020-09-16 03:04:50'),(51,211,1,'full name','full name',0,'yes','5',NULL,NULL,'2020-09-16 03:04:50'),(52,211,0,'asd','asfd',NULL,NULL,NULL,'full name','asd','2020-09-16 03:05:13'),(53,212,1,'asfd','asdf',0,'yes','3',NULL,NULL,'2020-09-16 03:11:10'),(54,212,1,'asfd','wwwwwww',0,'no','8',NULL,NULL,'2020-09-16 03:11:10'),(55,212,0,'full name','full name',NULL,NULL,NULL,'asd','full name','2020-09-16 03:11:27'),(56,212,0,'asfd','asd',NULL,NULL,NULL,'asfd','full name','2020-09-16 03:11:27'),(57,218,1,'Srinivas','N',0,'yes','2',NULL,NULL,'2020-09-16 13:58:33'),(58,218,1,'Sadiq','M',0,'no','1',NULL,NULL,'2020-09-16 13:58:33'),(59,224,1,'arun','arun',0,'no','120',NULL,NULL,'2020-09-18 13:24:27'),(60,224,1,'arun','arun',0,'no','120',NULL,NULL,'2020-09-18 13:33:41'),(61,0,0,'','',NULL,NULL,NULL,'','','2020-09-21 18:49:04');
/*!40000 ALTER TABLE `tbl_case_associate_contacts` ENABLE KEYS */;
UNLOCK TABLES;

--
-- Table structure for table `tbl_case_review`
--

DROP TABLE IF EXISTS `tbl_case_review`;
/*!40101 SET @saved_cs_client     = @@character_set_client */;
/*!50503 SET character_set_client = utf8mb4 */;
CREATE TABLE `tbl_case_review` (
  `review_id` int(11) NOT NULL AUTO_INCREMENT,
  `case_id` int(11) NOT NULL,
  `reviewer_type` enum('CRT','HRM') NOT NULL DEFAULT 'CRT',
  `reviewer_user_id` int(11) NOT NULL,
  `reviewer_user_email` varchar(100) NOT NULL,
  `reviewer_user_name` varchar(200) DEFAULT NULL,
  `recommend_actions` varchar(200) DEFAULT NULL,
  `other_preactions` varchar(1000) DEFAULT NULL,
  `created_on` datetime NOT NULL,
  PRIMARY KEY (`review_id`)
) ENGINE=InnoDB AUTO_INCREMENT=99 DEFAULT CHARSET=utf8;
/*!40101 SET character_set_client = @saved_cs_client */;

--
-- Dumping data for table `tbl_case_review`
--

LOCK TABLES `tbl_case_review` WRITE;
/*!40000 ALTER TABLE `tbl_case_review` DISABLE KEYS */;
INSERT INTO `tbl_case_review` VALUES (1,7,'CRT',5,'laurent.bellon@cepheid.com','Laurent Bellon','Quarantine + Testing','testing','2020-08-29 05:44:15'),(2,163,'HRM',1,'jennifer.marasco@cepheid.com','Jennifer Marasco','Quarantine + Testing','vvvv','2020-08-29 14:30:33'),(3,163,'HRM',1,'jennifer.marasco@cepheid.com','Jennifer Marasco','Quarantine + Testing','vvvv','2020-08-29 14:31:59'),(4,163,'HRM',5,'laurent.bellon@cepheid.com','Laurent Bellon','Quarantine + Testing','testing','2020-08-29 16:50:21'),(5,163,'HRM',1,'jennifer.marasco@cepheid.com','Jennifer Marasco','Quarantine + Testing','mmmmm','2020-08-30 03:42:46'),(6,7,'HRM',5,'laurent.bellon@cepheid.com','Laurent Bellon','Quarantine + Testing','testing','2020-08-30 04:53:26'),(7,7,'CRT',5,'laurent.bellon@cepheid.com','Laurent Bellon','Quarantine + Testing','testing','2020-08-30 05:05:53'),(8,163,'CRT',5,'laurent.bellon@cepheid.com','Laurent Bellon','Quarantine + Testing','testing','2020-08-30 05:19:54'),(9,163,'CRT',5,'laurent.bellon@cepheid.com','Laurent Bellon','Quarantine','asdfasdfdf','2020-08-30 05:22:41'),(10,7,'HRM',5,'laurent.bellon@cepheid.com','Laurent Bellon','Quarantine + Testing','testing','2020-08-30 05:23:12'),(11,7,'HRM',5,'laurent.bellon@cepheid.com','Laurent Bellon','Quarantine + Testing','testing','2020-08-30 08:49:01'),(12,170,'CRT',5,'laurent.bellon@cepheid.com','Laurent Bellon','Quarantine','sfsdfsdfsdf','2020-08-30 14:11:10'),(13,7,'CRT',13,'ramneet.sandhu@cepheid.com','Ramneet Sandhu','Quarantine + Testing','testing','2020-08-30 17:31:08'),(14,7,'CRT',13,'ramneet.sandhu@cepheid.com','Ramneet Sandhu','Quarantine + Testing','testing','2020-08-30 17:32:53'),(15,7,'CRT',13,'ramneet.sandhu@cepheid.com','Ramneet Sandhu','Quarantine + Testing','testing','2020-08-30 17:33:06'),(16,8,'HRM',1,'jennifer.marasco@cepheid.com','Jennifer Marasco','Quarantine + Testing','test','2020-08-30 17:33:13'),(17,7,'CRT',5,'laurent.bellon@cepheid.com','Laurent Bellon','Quarantine + Testing','sdfsfdsd','2020-08-30 18:31:58'),(18,7,'HRM',1,'jennifer.marasco@cepheid.com','Jennifer Marasco','Quarantine','qwq','2020-08-30 18:36:28'),(19,7,'CRT',5,'laurent.bellon@cepheid.com','Laurent Bellon','No Action','dfghj','2020-08-30 19:15:43'),(20,7,'CRT',5,'laurent.bellon@cepheid.com','Laurent Bellon','Quarantine','ghj','2020-08-30 19:18:19'),(21,7,'CRT',5,'laurent.bellon@cepheid.com','Laurent Bellon','No Action','vcbnm,','2020-08-30 19:20:13'),(22,8,'CRT',5,'laurent.bellon@cepheid.com','Laurent Bellon','Quarantine','dfgh','2020-08-31 02:36:18'),(23,7,'CRT',5,'laurent.bellon@cepheid.com','Laurent Bellon','','','2020-08-31 02:38:54'),(24,7,'CRT',5,'laurent.bellon@cepheid.com','Laurent Bellon','','','2020-08-31 02:42:11'),(25,7,'CRT',5,'laurent.bellon@cepheid.com','Laurent Bellon','','','2020-08-31 02:43:52'),(26,8,'HRM',1,'jennifer.marasco@cepheid.com','Jennifer Marasco','','','2020-08-31 02:48:51'),(27,175,'CRT',5,'laurent.bellon@cepheid.com','Laurent Bellon','Quarantine + Testing','Please do Quarantine testing','2020-08-31 16:10:06'),(28,175,'HRM',1,'jennifer.marasco@cepheid.com','Jennifer Marasco','Quarantine + Testing','test','2020-08-31 16:14:34'),(29,175,'HRM',1,'jennifer.marasco@cepheid.com','Jennifer Marasco','Quarantine + Testing','test','2020-08-31 16:15:28'),(30,176,'CRT',12,'robert.uhlfelder@cepheid.com','Rob Uhlfelder','Quarantine + Testing','hjgfhgjjfjh','2020-08-31 16:29:11'),(31,176,'HRM',1,'jennifer.marasco@cepheid.com','Jennifer Marasco','Quarantine + Testing','jhfghjfgjhjkhjhk','2020-08-31 16:30:55'),(32,177,'CRT',11,'kimberly.kullen@cepheid.com','Kimberly Kullen','Quarantine','Please Quarantine for 15 days','2020-08-31 16:49:24'),(33,177,'HRM',2,'karen.frechou-armijo@cepheid.com','Karen Frechou-Armijo','Quarantine','Please Quarantine for 15 days','2020-08-31 16:50:33'),(34,155,'CRT',5,'laurent.bellon@cepheid.com','Laurent Bellon','Quarantine + Testing','test crt','2020-09-01 09:11:21'),(35,155,'CRT',5,'laurent.bellon@cepheid.com','Laurent Bellon','Quarantine','trstste','2020-09-01 09:17:12'),(36,155,'CRT',5,'laurent.bellon@cepheid.com','Laurent Bellon','','','2020-09-01 09:18:51'),(37,155,'CRT',5,'laurent.bellon@cepheid.com','Laurent Bellon','','','2020-09-01 09:19:12'),(38,170,'HRM',1,'jennifer.marasco@cepheid.com','Jennifer Marasco','No Action','wer','2020-09-01 09:20:40'),(39,155,'HRM',1,'jennifer.marasco@cepheid.com','Jennifer Marasco','Quarantine + Testing','wewerw','2020-09-01 09:22:03'),(40,180,'CRT',5,'laurent.bellon@cepheid.com','Laurent Bellon','Quarantine','No Testing required','2020-09-01 11:25:42'),(41,182,'CRT',5,'laurent.bellon@cepheid.com','Laurent Bellon','Quarantine + Testing','Send the associate for Quarantine','2020-09-01 16:35:08'),(42,182,'HRM',1,'jennifer.marasco@cepheid.com','Jennifer Marasco','Quarantine','Only Qurantine is fine','2020-09-01 16:37:56'),(43,181,'CRT',5,'laurent.bellon@cepheid.com','Laurent Bellon','No Action','Not required','2020-09-01 18:19:28'),(44,179,'CRT',5,'laurent.bellon@cepheid.com','Laurent Bellon','No Action','iuytiuyti','2020-09-01 18:25:07'),(45,177,'CRT',5,'laurent.bellon@cepheid.com','Laurent Bellon','Quarantine','kjhgkhjhgkhj','2020-09-01 18:27:16'),(46,173,'CRT',5,'laurent.bellon@cepheid.com','Laurent Bellon','No Action',',bjklkljhl','2020-09-01 18:28:25'),(47,183,'CRT',5,'laurent.bellon@cepheid.com','Laurent Bellon','Quarantine + Testing','test','2020-09-01 18:36:42'),(48,7,'CRT',13,'ramneet.sandhu@cepheid.com','Ramneet Sandhu','Quarantine + Testing','testing','2020-09-01 19:31:38'),(49,183,'HRM',2,'karen.frechou-armijo@cepheid.com','Karen Frechou-Armijo','No Action','Nothing is required Please close the case','2020-09-02 14:17:59'),(50,185,'CRT',5,'laurent.bellon@cepheid.com','Laurent Bellon','Quarantine + Testing','testing required','2020-09-02 16:33:00'),(51,185,'HRM',2,'karen.frechou-armijo@cepheid.com','Karen Frechou-Armijo','Quarantine + Testing','testing required','2020-09-02 16:33:33'),(52,187,'CRT',7,'dave.persing@cepheid.com','Dave Persing','No Action','no testing required','2020-09-02 17:30:28'),(53,187,'HRM',2,'karen.frechou-armijo@cepheid.com','Karen Frechou-Armijo','Quarantine + Testing','Please test again','2020-09-02 17:33:46'),(54,187,'HRM',2,'karen.frechou-armijo@cepheid.com','Karen Frechou-Armijo','Quarantine + Testing','Please test again','2020-09-02 17:33:56'),(55,187,'HRM',2,'karen.frechou-armijo@cepheid.com','Karen Frechou-Armijo','Quarantine + Testing','Please test again','2020-09-02 17:34:51'),(56,187,'HRM',3,'candice.cuthbertson@cepheid.com','Candice Cuthbertson','Quarantine','','2020-09-02 17:49:34'),(57,188,'CRT',5,'laurent.bellon@cepheid.com','Laurent Bellon','Quarantine','testing','2020-09-02 18:01:50'),(58,188,'HRM',1,'jennifer.marasco@cepheid.com','Jennifer Marasco','Quarantine','vvv','2020-09-02 18:03:03'),(59,189,'HRM',1,'jennifer.marasco@cepheid.com','Jennifer Marasco','No Action','','2020-09-03 03:00:50'),(60,189,'HRM',1,'jennifer.marasco@cepheid.com','Jennifer Marasco','No Action','asd','2020-09-03 03:08:45'),(61,189,'HRM',1,'jennifer.marasco@cepheid.com','Jennifer Marasco','No Action','asd','2020-09-03 03:09:11'),(62,189,'HRM',1,'jennifer.marasco@cepheid.com','Jennifer Marasco','No Action','aaa','2020-09-03 03:11:34'),(63,192,'HRM',1,'jennifer.marasco@cepheid.com','Jennifer Marasco','No Action','qawedasd','2020-09-03 03:12:24'),(64,191,'HRM',1,'jennifer.marasco@cepheid.com','Jennifer Marasco','Quarantine + Testing','','2020-09-03 03:12:37'),(65,173,'HRM',1,'jennifer.marasco@cepheid.com','Jennifer Marasco','No Action','adasd','2020-09-03 04:22:54'),(66,189,'CRT',5,'laurent.bellon@cepheid.com','Laurent Bellon','No Action','','2020-09-03 04:25:57'),(67,189,'HRM',1,'jennifer.marasco@cepheid.com','Jennifer Marasco','No Action','','2020-09-03 04:26:17'),(68,188,'HRM',1,'jennifer.marasco@cepheid.com','Jennifer Marasco','Quarantine','','2020-09-03 05:09:12'),(69,191,'CRT',5,'laurent.bellon@cepheid.com','Laurent Bellon','Quarantine','','2020-09-03 05:12:41'),(70,191,'HRM',1,'jennifer.marasco@cepheid.com','Jennifer Marasco','Quarantine + Testing','','2020-09-03 05:13:15'),(71,184,'CRT',11,'kimberly.kullen@cepheid.com','Kimberly Kullen','Quarantine','Quarantine','2020-09-03 11:31:14'),(72,184,'CRT',9,'fred.tenover@cepheid.com','Fred Tenover','No Action','no need any action','2020-09-03 11:32:10'),(73,184,'HRM',3,'candice.cuthbertson@cepheid.com','Candice Cuthbertson','Quarantine + Testing','','2020-09-03 11:35:24'),(74,198,'CRT',6,'shibu.gangadharan@cepheid.com','Shibu Gangadharan','Quarantine','need to send him in quarantine','2020-09-05 11:51:03'),(75,198,'CRT',12,'robert.uhlfelder@cepheid.com','Rob Uhlfelder','Quarantine + Testing','need to test and send him to quarantine','2020-09-05 12:00:02'),(76,198,'HRM',4,'leslie.molina@cepheid.com','Leslie Molina','Quarantine + Testing','Take samples and send him to quarantine','2020-09-05 12:01:17'),(77,202,'HRM',1,'jennifer.marasco@cepheid.com','Jennifer Marasco','','','2020-09-09 12:03:03'),(78,184,'HRM',1,'jennifer.marasco@cepheid.com','Jennifer Marasco','Quarantine + Testing','adding recommendation after final action status case','2020-09-10 06:01:39'),(79,0,'HRM',1,'jennifer.marasco@cepheid.com','Jennifer Marasco','Quarantine','','2020-09-14 16:47:55'),(80,204,'CRT',5,'laurent.bellon@cepheid.com','Laurent Bellon','Quarantine','Quarantine','2020-09-14 17:02:36'),(81,204,'HRM',1,'jennifer.marasco@cepheid.com','Jennifer Marasco','Quarantine + Testing','adding recommendation to case204 ','2020-09-14 19:22:59'),(82,204,'HRM',1,'jennifer.marasco@cepheid.com','Jennifer Marasco','No Action','no action added recommendation in final state','2020-09-14 19:39:52'),(83,192,'CRT',5,'laurent.bellon@cepheid.com','Laurent Bellon','Quarantine + Testing','test','2020-09-16 03:44:06'),(84,192,'HRM',1,'jennifer.marasco@cepheid.com','Jennifer Marasco','Quarantine + Testing','hgf','2020-09-16 03:45:17'),(85,207,'HRM',1,'jennifer.marasco@cepheid.com','Jennifer Marasco','Quarantine + Testing','','2020-09-16 03:49:59'),(86,203,'HRM',1,'jennifer.marasco@cepheid.com','Jennifer Marasco','Quarantine + Testing','','2020-09-16 04:12:37'),(87,203,'CRT',5,'laurent.bellon@cepheid.com','Laurent Bellon','Quarantine + Testing','','2020-09-16 04:13:53'),(88,203,'HRM',1,'jennifer.marasco@cepheid.com','Jennifer Marasco','Quarantine + Testing','','2020-09-16 04:14:25'),(89,190,'CRT',12,'robert.uhlfelder@cepheid.com','Rob Uhlfelder','Quarantine + Testing','test','2020-09-16 13:53:18'),(90,190,'HRM',2,'karen.frechou-armijo@cepheid.com','Karen Frechou-Armijo','Quarantine + Testing','test','2020-09-16 13:54:33'),(91,218,'CRT',5,'laurent.bellon@cepheid.com','Laurent Bellon','Quarantine + Testing','please test','2020-09-16 13:59:37'),(92,218,'HRM',2,'karen.frechou-armijo@cepheid.com','Karen Frechou-Armijo','Quarantine + Testing','Test him','2020-09-16 13:59:54'),(93,197,'HRM',1,'jennifer.marasco@cepheid.com','Jennifer Marasco','Quarantine + Testing','Q+T','2020-09-16 17:36:12'),(94,197,'CRT',5,'laurent.bellon@cepheid.com','Laurent Bellon','Quarantine','','2020-09-16 17:38:26'),(95,197,'HRM',1,'jennifer.marasco@cepheid.com','Jennifer Marasco','Quarantine + Testing','testing','2020-09-16 17:40:19'),(96,212,'CRT',5,'laurent.bellon@cepheid.com','Laurent Bellon','Quarantine','ct review','2020-09-18 02:08:21'),(97,224,'CRT',5,'laurent.bellon@cepheid.com','Laurent Bellon','Quarantine','added quarantine','2020-09-18 14:19:09'),(98,224,'HRM',1,'jennifer.marasco@cepheid.com','Jennifer Marasco','Quarantine + Testing','HRM Recommendation','2020-09-18 14:21:16');
/*!40000 ALTER TABLE `tbl_case_review` ENABLE KEYS */;
UNLOCK TABLES;

--
-- Table structure for table `tbl_cases`
--

DROP TABLE IF EXISTS `tbl_cases`;
/*!40101 SET @saved_cs_client     = @@character_set_client */;
/*!50503 SET character_set_client = utf8mb4 */;
CREATE TABLE `tbl_cases` (
  `case_id` int(11) NOT NULL AUTO_INCREMENT,
  `parent_id` int(11) DEFAULT NULL,
  `department_id` int(11) DEFAULT NULL,
  `first_name` varchar(100) NOT NULL,
  `last_name` varchar(100) NOT NULL,
  `email` varchar(100) NOT NULL,
  `personal_email` varchar(100) DEFAULT NULL,
  `mobile` varchar(50) NOT NULL,
  `emergency_conatct` varchar(100) DEFAULT NULL,
  `address` varchar(1000) DEFAULT NULL,
  `is_working_remotely` tinyint(4) NOT NULL DEFAULT '0',
  `building_name` varchar(200) DEFAULT NULL,
  `area` varchar(200) DEFAULT NULL,
  `hrbp_name` varchar(200) DEFAULT NULL,
  `manager_name` varchar(200) DEFAULT NULL,
  `case_status` varchar(50) DEFAULT 'New',
  `reason` enum('Exposed','Diagnosed','Symptoms','Quarantine') DEFAULT NULL,
  `exposure_date` date DEFAULT NULL,
  `exposure_describe` text CHARACTER SET utf8 COLLATE utf8_general_ci,
  `is_positive_diagnosis` tinyint(4) DEFAULT NULL,
  `diagnosis_received_date` date DEFAULT NULL,
  `diagnosis_test_date` date DEFAULT NULL,
  `employee_symptoms` varchar(1000) DEFAULT NULL,
  `symptoms_began_date` date DEFAULT NULL,
  `symptoms_respiratory` text,
  `have_consult_doctor` tinyint(4) DEFAULT NULL,
  `consult_date` date DEFAULT NULL,
  `doctor_comment` varchar(1000) DEFAULT NULL,
  `company_buildings` text CHARACTER SET utf8 COLLATE utf8_general_ci,
  `additional_info` text CHARACTER SET utf8 COLLATE utf8_general_ci,
  `review_additional_info` text,
  `recommendations` varchar(100) DEFAULT NULL,
  `final_test_result` tinyint(4) DEFAULT NULL,
  `final_quarantine_started` tinyint(4) DEFAULT NULL,
  `final_quarantine_start_date` date DEFAULT NULL,
  `final_quarantine_end_date` date DEFAULT NULL,
  `final_other_info` text,
  `created_on` datetime DEFAULT NULL,
  PRIMARY KEY (`case_id`)
) ENGINE=InnoDB AUTO_INCREMENT=233 DEFAULT CHARSET=utf8;
/*!40101 SET character_set_client = @saved_cs_client */;

--
-- Dumping data for table `tbl_cases`
--

LOCK TABLES `tbl_cases` WRITE;
/*!40000 ALTER TABLE `tbl_cases` DISABLE KEYS */;
INSERT INTO `tbl_cases` VALUES (7,NULL,2,'L B Sastry','CH','sastrylal@gmail.com',NULL,'9290266674','9290266674','Sample Address test',1,'Building001','Hyderabad','Sadiq','Anudeep ','Case Closed','Diagnosed','2020-08-20','nothing',NULL,NULL,NULL,NULL,NULL,NULL,NULL,NULL,NULL,'Main Building entered test','lkhjkhl',NULL,'Quarantine',1,1,'2020-08-29','2020-08-29','TEST','2020-08-23 22:22:32'),(8,NULL,1,'L B Sastry','CH','sastrylal@gmail.com',NULL,'9290266674','9290266674','address 567 test',1,'Building001','Hyd','HRBP','Manager','Case Closed',NULL,NULL,NULL,NULL,NULL,NULL,NULL,NULL,NULL,NULL,NULL,NULL,NULL,NULL,'','',NULL,NULL,NULL,NULL,NULL,'2020-08-23 22:22:35'),(9,NULL,NULL,'','','',NULL,'',NULL,NULL,0,NULL,NULL,NULL,NULL,'New',NULL,NULL,NULL,NULL,NULL,NULL,NULL,NULL,NULL,NULL,NULL,NULL,NULL,NULL,NULL,NULL,NULL,NULL,NULL,NULL,NULL,'2020-08-24 09:30:41'),(10,NULL,0,'arun','k','anyone@test.com',NULL,'950554544545','asdf','asdf',1,'asf','asdf','asdf','asdf','New',NULL,NULL,NULL,NULL,NULL,NULL,NULL,NULL,NULL,NULL,NULL,NULL,NULL,NULL,NULL,NULL,NULL,NULL,NULL,NULL,NULL,'2020-08-24 10:44:44'),(11,NULL,0,'as','asd','anyone@borrower.com',NULL,'2342423','aese','asfd',1,'asfd','asfd','asdf','asdf','New',NULL,NULL,NULL,NULL,NULL,NULL,NULL,NULL,NULL,NULL,NULL,NULL,NULL,NULL,NULL,NULL,NULL,NULL,NULL,NULL,NULL,'2020-08-24 10:52:06'),(12,NULL,0,'asd','asdf','',NULL,'','','',0,'','','','','New',NULL,NULL,NULL,NULL,NULL,NULL,NULL,NULL,NULL,NULL,NULL,NULL,NULL,NULL,NULL,NULL,NULL,NULL,NULL,NULL,NULL,'2020-08-24 10:52:55'),(13,NULL,0,'asdf','asdf','',NULL,'','','',0,'','','','','New',NULL,NULL,NULL,NULL,NULL,NULL,NULL,NULL,NULL,NULL,NULL,NULL,NULL,NULL,NULL,NULL,NULL,NULL,NULL,NULL,NULL,'2020-08-24 10:55:56'),(14,NULL,0,'','','',NULL,'','','',0,'','','','','New',NULL,NULL,NULL,NULL,NULL,NULL,NULL,NULL,NULL,NULL,NULL,NULL,NULL,NULL,NULL,NULL,NULL,NULL,NULL,NULL,NULL,'2020-08-24 10:57:08'),(15,NULL,0,'','','',NULL,'','','',0,'','','','','New',NULL,NULL,NULL,NULL,NULL,NULL,NULL,NULL,NULL,NULL,NULL,NULL,NULL,NULL,NULL,NULL,NULL,NULL,NULL,NULL,NULL,'2020-08-24 10:57:44'),(16,NULL,0,'afsdf','asdf','',NULL,'','','',0,'','','','','New',NULL,NULL,NULL,NULL,NULL,NULL,NULL,NULL,NULL,NULL,NULL,NULL,NULL,NULL,NULL,NULL,NULL,NULL,NULL,NULL,NULL,'2020-08-24 11:06:05'),(17,NULL,0,'asf','asdf','',NULL,'','','',0,'','','','','New',NULL,NULL,NULL,NULL,NULL,NULL,NULL,NULL,NULL,NULL,NULL,NULL,NULL,NULL,NULL,NULL,NULL,NULL,NULL,NULL,NULL,'2020-08-24 11:06:44'),(18,NULL,0,'asdf','asdfd','asds',NULL,'','','',0,'','','','','New',NULL,NULL,NULL,NULL,NULL,NULL,NULL,NULL,NULL,NULL,NULL,NULL,NULL,NULL,NULL,NULL,NULL,NULL,NULL,NULL,NULL,'2020-08-24 11:07:24'),(19,NULL,0,'asddf','sadf','',NULL,'','','',0,'','','','','New',NULL,NULL,NULL,NULL,NULL,NULL,NULL,NULL,NULL,NULL,NULL,NULL,NULL,NULL,NULL,NULL,NULL,NULL,NULL,NULL,NULL,'2020-08-24 15:06:41'),(20,NULL,0,'','','',NULL,'','','sdfdfdfd',0,'','','','','New',NULL,NULL,NULL,NULL,NULL,NULL,NULL,NULL,NULL,NULL,NULL,NULL,NULL,NULL,NULL,NULL,NULL,NULL,NULL,NULL,NULL,'2020-08-24 15:08:19'),(21,NULL,0,'','','',NULL,'','','',0,'','','','','New',NULL,NULL,NULL,NULL,NULL,NULL,NULL,NULL,NULL,NULL,NULL,NULL,NULL,NULL,NULL,NULL,NULL,NULL,NULL,NULL,NULL,'2020-08-24 15:12:53'),(22,NULL,0,'','','',NULL,'','','',0,'','','','','New',NULL,NULL,NULL,NULL,NULL,NULL,NULL,NULL,NULL,NULL,NULL,NULL,NULL,NULL,NULL,NULL,NULL,NULL,NULL,NULL,NULL,'2020-08-24 15:42:59'),(23,NULL,0,'asdfdfd','asdfsdfd','',NULL,'','','',0,'','','','','New',NULL,NULL,NULL,NULL,NULL,NULL,NULL,NULL,NULL,NULL,NULL,NULL,NULL,NULL,NULL,NULL,NULL,NULL,NULL,NULL,NULL,'2020-08-24 15:43:11'),(24,NULL,0,'asdfsdaf','asdf','',NULL,'','','',0,'','','','','New',NULL,NULL,NULL,NULL,NULL,NULL,NULL,NULL,NULL,NULL,NULL,NULL,NULL,NULL,NULL,NULL,NULL,NULL,NULL,NULL,NULL,'2020-08-24 15:47:20'),(25,NULL,0,'sdfg','asdf','',NULL,'','','',0,'','','','','New',NULL,NULL,NULL,NULL,NULL,NULL,NULL,NULL,NULL,NULL,NULL,NULL,NULL,NULL,NULL,NULL,NULL,NULL,NULL,NULL,NULL,'2020-08-24 15:48:47'),(26,NULL,0,'asdf','as','',NULL,'','','',0,'','','','','New',NULL,NULL,NULL,NULL,NULL,NULL,NULL,NULL,NULL,NULL,NULL,NULL,NULL,NULL,NULL,NULL,NULL,NULL,NULL,NULL,NULL,'2020-08-24 15:50:29'),(27,NULL,0,'sadf','asdff','',NULL,'','','',0,'','','','','New',NULL,NULL,NULL,NULL,NULL,NULL,NULL,NULL,NULL,NULL,NULL,NULL,NULL,NULL,NULL,NULL,NULL,NULL,NULL,NULL,NULL,'2020-08-24 15:52:41'),(28,NULL,0,'','','',NULL,'','','',0,'','','','','New',NULL,NULL,NULL,NULL,NULL,NULL,NULL,NULL,NULL,NULL,NULL,NULL,NULL,NULL,NULL,NULL,NULL,NULL,NULL,NULL,NULL,'2020-08-24 15:54:41'),(29,NULL,0,'','','',NULL,'','','',0,'','','','','New',NULL,NULL,NULL,NULL,NULL,NULL,NULL,NULL,NULL,NULL,NULL,NULL,NULL,NULL,NULL,NULL,NULL,NULL,NULL,NULL,NULL,'2020-08-24 15:56:46'),(30,NULL,0,'','','',NULL,'','','',0,'','','','','New',NULL,NULL,NULL,NULL,NULL,NULL,NULL,NULL,NULL,NULL,NULL,NULL,NULL,NULL,NULL,NULL,NULL,NULL,NULL,NULL,NULL,'2020-08-24 15:57:15'),(31,NULL,NULL,'','','',NULL,'',NULL,NULL,0,NULL,NULL,NULL,NULL,'New',NULL,NULL,NULL,NULL,NULL,NULL,NULL,NULL,NULL,NULL,NULL,NULL,NULL,NULL,NULL,NULL,NULL,NULL,NULL,NULL,NULL,'2020-08-24 16:02:44'),(32,NULL,0,'','','',NULL,'','','',0,'','','','','New',NULL,NULL,NULL,NULL,NULL,NULL,NULL,NULL,NULL,NULL,NULL,NULL,NULL,NULL,NULL,NULL,NULL,NULL,NULL,NULL,NULL,'2020-08-24 16:11:14'),(33,NULL,NULL,'','','',NULL,'',NULL,NULL,0,NULL,NULL,NULL,NULL,'New',NULL,NULL,NULL,NULL,NULL,NULL,NULL,NULL,NULL,NULL,NULL,NULL,NULL,NULL,NULL,NULL,NULL,NULL,NULL,NULL,NULL,'2020-08-24 17:40:37'),(34,NULL,NULL,'','','',NULL,'',NULL,NULL,0,NULL,NULL,NULL,NULL,'New',NULL,NULL,NULL,NULL,NULL,NULL,NULL,NULL,NULL,NULL,NULL,NULL,NULL,NULL,NULL,NULL,NULL,NULL,NULL,NULL,NULL,'2020-08-24 17:40:39'),(35,NULL,NULL,'','','',NULL,'',NULL,NULL,0,NULL,NULL,NULL,NULL,'New',NULL,NULL,NULL,NULL,NULL,NULL,NULL,NULL,NULL,NULL,NULL,NULL,NULL,NULL,NULL,NULL,NULL,NULL,NULL,NULL,NULL,'2020-08-24 18:01:10'),(36,NULL,0,'','','',NULL,'','','',0,'','','','','New',NULL,NULL,NULL,NULL,NULL,NULL,NULL,NULL,NULL,NULL,NULL,NULL,NULL,NULL,NULL,NULL,NULL,NULL,NULL,NULL,NULL,'2020-08-24 18:04:55'),(37,NULL,0,'xvxczv','2345','',NULL,'','','',0,'','','','','New',NULL,NULL,NULL,NULL,NULL,NULL,NULL,NULL,NULL,NULL,NULL,NULL,NULL,NULL,NULL,NULL,NULL,NULL,NULL,NULL,NULL,'2020-08-24 18:13:07'),(38,NULL,0,'fasfasd','asdf','',NULL,'','','',0,'','','','','New',NULL,NULL,NULL,NULL,NULL,NULL,NULL,NULL,NULL,NULL,NULL,NULL,NULL,NULL,NULL,NULL,NULL,NULL,NULL,NULL,NULL,'2020-08-24 18:17:09'),(39,NULL,0,'asdf','asdf','',NULL,'','','',0,'','','','','New',NULL,NULL,NULL,NULL,NULL,NULL,NULL,NULL,NULL,NULL,NULL,NULL,NULL,NULL,NULL,NULL,NULL,NULL,NULL,NULL,NULL,'2020-08-24 18:21:10'),(40,NULL,0,'asdf','asdf','',NULL,'','','',0,'','','','','New',NULL,NULL,NULL,NULL,NULL,NULL,NULL,NULL,NULL,NULL,NULL,NULL,NULL,NULL,NULL,NULL,NULL,NULL,NULL,NULL,NULL,'2020-08-24 18:23:57'),(41,NULL,0,'asdf','asddf','',NULL,'','','',0,'','','','','New',NULL,NULL,NULL,NULL,NULL,NULL,NULL,NULL,NULL,NULL,NULL,NULL,NULL,NULL,NULL,NULL,NULL,NULL,NULL,NULL,NULL,'2020-08-24 18:25:29'),(42,NULL,0,'asdf','asfd','',NULL,'','','',0,'','','','','New',NULL,NULL,NULL,NULL,NULL,NULL,NULL,NULL,NULL,NULL,NULL,NULL,NULL,NULL,NULL,NULL,NULL,NULL,NULL,NULL,NULL,'2020-08-24 18:28:06'),(43,NULL,0,'asdf','asdf','',NULL,'','','',0,'','','','','New',NULL,NULL,NULL,NULL,NULL,NULL,NULL,NULL,NULL,NULL,NULL,NULL,NULL,NULL,NULL,NULL,NULL,NULL,NULL,NULL,NULL,'2020-08-24 18:29:41'),(44,NULL,0,'asasddf','asdfd','',NULL,'','','',0,'','','','','New',NULL,NULL,NULL,NULL,NULL,NULL,NULL,NULL,NULL,NULL,NULL,NULL,NULL,NULL,NULL,NULL,NULL,NULL,NULL,NULL,NULL,'2020-08-24 18:31:46'),(45,NULL,0,'asdf','asdfdf','',NULL,'','','',0,'','','','','New',NULL,NULL,NULL,NULL,NULL,NULL,NULL,NULL,NULL,NULL,NULL,NULL,NULL,NULL,NULL,NULL,NULL,NULL,NULL,NULL,NULL,'2020-08-24 18:33:23'),(46,NULL,0,'asd','asdasd','',NULL,'','','',0,'','','','','New',NULL,NULL,NULL,NULL,NULL,NULL,NULL,NULL,NULL,NULL,NULL,NULL,NULL,NULL,NULL,NULL,NULL,NULL,NULL,NULL,NULL,'2020-08-24 19:05:08'),(47,NULL,0,'asdgfds','asdfdsa','',NULL,'','','',0,'','','','','New',NULL,NULL,NULL,NULL,NULL,NULL,NULL,NULL,NULL,NULL,NULL,NULL,NULL,NULL,NULL,NULL,NULL,NULL,NULL,NULL,NULL,'2020-08-24 19:18:49'),(48,NULL,0,'sdfsfd','sdf','',NULL,'','','',0,'','','','','New',NULL,NULL,NULL,NULL,NULL,NULL,NULL,NULL,NULL,NULL,NULL,NULL,NULL,NULL,NULL,NULL,NULL,NULL,NULL,NULL,NULL,'2020-08-24 19:20:06'),(49,NULL,0,'xcvbnm,','lkjnbv','',NULL,'','','',0,'','','','','New',NULL,NULL,NULL,NULL,NULL,NULL,NULL,NULL,NULL,NULL,NULL,NULL,NULL,NULL,NULL,NULL,NULL,NULL,NULL,NULL,NULL,'2020-08-24 19:22:21'),(50,NULL,0,'df','sd','',NULL,'','','',0,'','','','','New',NULL,NULL,NULL,NULL,NULL,NULL,NULL,NULL,NULL,NULL,NULL,NULL,NULL,NULL,NULL,NULL,NULL,NULL,NULL,NULL,NULL,'2020-08-24 19:24:34'),(51,NULL,0,'dfdf','a','',NULL,'','','',0,'','','','','New',NULL,NULL,NULL,NULL,NULL,NULL,NULL,NULL,NULL,NULL,NULL,NULL,NULL,NULL,NULL,NULL,NULL,NULL,NULL,NULL,NULL,'2020-08-24 19:26:19'),(52,NULL,0,'xcv','xcv','',NULL,'','','',0,'','','','','New',NULL,NULL,NULL,NULL,NULL,NULL,NULL,NULL,NULL,NULL,NULL,NULL,NULL,NULL,NULL,NULL,NULL,NULL,NULL,NULL,NULL,'2020-08-24 19:26:35'),(53,NULL,0,'asd','dfghjk','',NULL,'','','',0,'','','','','New',NULL,NULL,NULL,NULL,NULL,NULL,NULL,NULL,NULL,NULL,NULL,NULL,NULL,NULL,NULL,NULL,NULL,NULL,NULL,NULL,NULL,'2020-08-24 19:28:08'),(54,NULL,0,'asd','asd','',NULL,'','','',0,'','','','','New',NULL,NULL,NULL,NULL,NULL,NULL,NULL,NULL,NULL,NULL,NULL,NULL,NULL,NULL,NULL,NULL,NULL,NULL,NULL,NULL,NULL,'2020-08-24 19:36:16'),(55,NULL,0,'jhgfd','jhgfds','',NULL,'','','',0,'','','','','New',NULL,NULL,NULL,NULL,NULL,NULL,NULL,NULL,NULL,NULL,NULL,NULL,NULL,NULL,NULL,NULL,NULL,NULL,NULL,NULL,NULL,'2020-08-24 19:48:32'),(56,NULL,0,'asd','asd','',NULL,'','','',0,'','','','','New',NULL,NULL,NULL,NULL,NULL,NULL,NULL,NULL,NULL,NULL,NULL,NULL,NULL,NULL,NULL,NULL,NULL,NULL,NULL,NULL,NULL,'2020-08-24 20:00:15'),(57,NULL,0,'asd','asd','',NULL,'','','',0,'','','','','New',NULL,NULL,NULL,NULL,NULL,NULL,NULL,NULL,NULL,NULL,NULL,NULL,NULL,NULL,NULL,NULL,NULL,NULL,NULL,NULL,NULL,'2020-08-24 20:10:54'),(58,NULL,0,'zx','asd','',NULL,'','','',0,'','','','','New',NULL,NULL,NULL,NULL,NULL,NULL,NULL,NULL,NULL,NULL,NULL,NULL,NULL,NULL,NULL,NULL,NULL,NULL,NULL,NULL,NULL,'2020-08-24 20:14:10'),(59,NULL,0,'fdsa','gfds','',NULL,'ffddfdfdf','','',0,'','','','','New',NULL,NULL,NULL,NULL,NULL,NULL,NULL,NULL,NULL,NULL,NULL,NULL,NULL,NULL,NULL,NULL,NULL,NULL,NULL,NULL,NULL,'2020-08-24 20:16:52'),(60,NULL,0,'sfd','sdf','',NULL,'','','',0,'','','','','New',NULL,NULL,NULL,NULL,NULL,NULL,NULL,NULL,NULL,NULL,NULL,NULL,NULL,NULL,NULL,NULL,NULL,NULL,NULL,NULL,NULL,'2020-08-24 20:22:58'),(61,NULL,0,'','','',NULL,'','','',0,'df','dfg','','','New',NULL,NULL,NULL,NULL,NULL,NULL,NULL,NULL,NULL,NULL,NULL,NULL,NULL,NULL,NULL,NULL,NULL,NULL,NULL,NULL,NULL,'2020-08-24 20:24:43'),(62,NULL,0,'ghj','lkjh','',NULL,'','','',0,'','','','','New',NULL,NULL,NULL,NULL,NULL,NULL,NULL,NULL,NULL,NULL,NULL,NULL,NULL,NULL,NULL,NULL,NULL,NULL,NULL,NULL,NULL,'2020-08-24 20:28:49'),(63,NULL,0,'asdasda','','',NULL,'','','',0,'','','','','New',NULL,NULL,NULL,NULL,NULL,NULL,NULL,NULL,NULL,NULL,NULL,NULL,NULL,NULL,NULL,NULL,NULL,NULL,NULL,NULL,NULL,'2020-08-24 20:29:37'),(64,NULL,0,'asd','asd','',NULL,'','','',0,'','','','','New',NULL,NULL,NULL,NULL,NULL,NULL,NULL,NULL,NULL,NULL,NULL,NULL,NULL,NULL,NULL,NULL,NULL,NULL,NULL,NULL,NULL,'2020-08-24 20:31:22'),(65,NULL,0,'asfgd','dfg','',NULL,'','dfg','',0,'','','sdf','','New',NULL,NULL,NULL,NULL,NULL,NULL,NULL,NULL,NULL,NULL,NULL,NULL,NULL,NULL,NULL,NULL,NULL,NULL,NULL,NULL,NULL,'2020-08-24 20:32:38'),(66,NULL,0,'asdasd','','',NULL,'','','asd',0,'','','','','New',NULL,NULL,NULL,NULL,NULL,NULL,NULL,NULL,NULL,NULL,NULL,NULL,NULL,NULL,NULL,NULL,NULL,NULL,NULL,NULL,NULL,'2020-08-24 20:34:32'),(67,NULL,0,'fghj','fdds','fgds',NULL,'','','',0,'','','','','New',NULL,NULL,NULL,NULL,NULL,NULL,NULL,NULL,NULL,NULL,NULL,NULL,NULL,NULL,NULL,NULL,NULL,NULL,NULL,NULL,NULL,'2020-08-24 20:36:22'),(68,NULL,0,'','dfghjk','',NULL,'','','',0,'','','','','New',NULL,NULL,NULL,NULL,NULL,NULL,NULL,NULL,NULL,NULL,NULL,NULL,NULL,NULL,NULL,NULL,NULL,NULL,NULL,NULL,NULL,'2020-08-24 20:39:30'),(69,NULL,0,'','cvbn','xcvbn',NULL,'','','',0,'','','','','New',NULL,NULL,NULL,NULL,NULL,NULL,NULL,NULL,NULL,NULL,NULL,NULL,NULL,NULL,NULL,NULL,NULL,NULL,NULL,NULL,NULL,'2020-08-24 20:40:37'),(70,NULL,0,'','','fghj',NULL,'rtyui','','',0,'','','','','New',NULL,NULL,NULL,NULL,NULL,NULL,NULL,NULL,NULL,NULL,NULL,NULL,NULL,NULL,NULL,NULL,NULL,NULL,NULL,NULL,NULL,'2020-08-24 20:43:18'),(71,NULL,0,'','','',NULL,'sdf','','',0,'','','','','New',NULL,NULL,NULL,NULL,NULL,NULL,NULL,NULL,NULL,NULL,NULL,NULL,NULL,NULL,NULL,NULL,NULL,NULL,NULL,NULL,NULL,'2020-08-24 20:45:31'),(72,NULL,0,'sdf','','',NULL,'','','',0,'','','','','New',NULL,NULL,NULL,NULL,NULL,NULL,NULL,NULL,NULL,NULL,NULL,NULL,NULL,NULL,NULL,NULL,NULL,NULL,NULL,NULL,NULL,'2020-08-24 20:46:28'),(73,NULL,0,'asd','','',NULL,'','','',0,'','','','','New',NULL,NULL,NULL,NULL,NULL,NULL,NULL,NULL,NULL,NULL,NULL,NULL,NULL,NULL,NULL,NULL,NULL,NULL,NULL,NULL,NULL,'2020-08-24 20:48:06'),(74,NULL,0,'fghj','','',NULL,'','','',0,'','','','','New',NULL,NULL,NULL,NULL,NULL,NULL,NULL,NULL,NULL,NULL,NULL,NULL,NULL,NULL,NULL,NULL,NULL,NULL,NULL,NULL,NULL,'2020-08-24 20:49:19'),(75,NULL,0,'aeart','','',NULL,'','','',0,'','','','','New',NULL,NULL,NULL,NULL,NULL,NULL,NULL,NULL,NULL,NULL,NULL,NULL,NULL,NULL,NULL,NULL,NULL,NULL,NULL,NULL,NULL,'2020-08-24 20:50:23'),(76,NULL,0,'sdf','','',NULL,'','','',0,'','','','','New',NULL,NULL,NULL,NULL,NULL,NULL,NULL,NULL,NULL,NULL,NULL,NULL,NULL,NULL,NULL,NULL,NULL,NULL,NULL,NULL,NULL,'2020-08-24 20:52:04'),(77,NULL,0,'asd','','',NULL,'','','',0,'','','','','New',NULL,NULL,NULL,NULL,NULL,NULL,NULL,NULL,NULL,NULL,NULL,NULL,NULL,NULL,NULL,NULL,NULL,NULL,NULL,NULL,NULL,'2020-08-24 20:54:22'),(78,NULL,0,'asd','','',NULL,'','','',0,'','','','','New',NULL,NULL,NULL,NULL,NULL,NULL,NULL,NULL,NULL,NULL,NULL,NULL,NULL,NULL,NULL,NULL,NULL,NULL,NULL,NULL,NULL,'2020-08-24 20:56:28'),(79,NULL,0,'asd','','',NULL,'','','',0,'','','','','New',NULL,NULL,NULL,NULL,NULL,NULL,NULL,NULL,NULL,NULL,NULL,NULL,NULL,NULL,NULL,NULL,NULL,NULL,NULL,NULL,NULL,'2020-08-24 20:57:04'),(80,NULL,0,'iii','','',NULL,'','','',0,'','','','','New',NULL,NULL,NULL,NULL,NULL,NULL,NULL,NULL,NULL,NULL,NULL,NULL,NULL,NULL,NULL,NULL,NULL,NULL,NULL,NULL,NULL,'2020-08-24 20:59:02'),(81,NULL,0,'esfd','sdf','',NULL,'','','',0,'','','','','New',NULL,NULL,NULL,NULL,NULL,NULL,NULL,NULL,NULL,NULL,NULL,NULL,NULL,NULL,NULL,NULL,NULL,NULL,NULL,NULL,NULL,'2020-08-24 21:01:33'),(82,NULL,0,'','asd','',NULL,'','','asd',0,'','','','','New',NULL,NULL,NULL,NULL,NULL,NULL,NULL,NULL,NULL,NULL,NULL,NULL,NULL,NULL,NULL,NULL,NULL,NULL,NULL,NULL,NULL,'2020-08-24 21:02:23'),(83,NULL,0,'asdsds','asd','',NULL,'','','',0,'','','','','New',NULL,NULL,NULL,NULL,NULL,NULL,NULL,NULL,NULL,NULL,NULL,NULL,NULL,NULL,NULL,NULL,NULL,NULL,NULL,NULL,NULL,'2020-08-24 21:03:47'),(84,NULL,0,'asd','','',NULL,'','','asd',0,'','','','','New',NULL,NULL,NULL,NULL,NULL,NULL,NULL,NULL,NULL,NULL,NULL,NULL,NULL,NULL,NULL,NULL,NULL,NULL,NULL,NULL,NULL,'2020-08-24 21:04:35'),(85,NULL,0,'sdf','','sdf',NULL,'','','',0,'','','','','New',NULL,NULL,NULL,NULL,NULL,NULL,NULL,NULL,NULL,NULL,NULL,NULL,NULL,NULL,NULL,NULL,NULL,NULL,NULL,NULL,NULL,'2020-08-24 21:06:26'),(86,NULL,0,'asd','','',NULL,'','','',0,'','','','','New',NULL,NULL,NULL,NULL,NULL,NULL,NULL,NULL,NULL,NULL,NULL,NULL,'asd',NULL,NULL,NULL,NULL,NULL,NULL,NULL,NULL,'2020-08-24 21:07:40'),(87,NULL,0,'','','asd',NULL,'','','asd',0,'','','','','New',NULL,NULL,NULL,NULL,NULL,NULL,NULL,NULL,NULL,NULL,NULL,NULL,NULL,NULL,NULL,NULL,NULL,NULL,NULL,NULL,NULL,'2020-08-24 21:08:16'),(88,NULL,0,'ghjk','','',NULL,'','','',0,'','','','','New',NULL,NULL,NULL,NULL,NULL,NULL,NULL,NULL,NULL,NULL,NULL,NULL,NULL,NULL,NULL,NULL,NULL,NULL,NULL,NULL,NULL,'2020-08-24 21:09:07'),(89,NULL,0,'','','',NULL,'','','',0,'','','','','New',NULL,NULL,NULL,NULL,NULL,NULL,NULL,NULL,NULL,NULL,NULL,NULL,NULL,NULL,NULL,NULL,NULL,NULL,NULL,NULL,NULL,'2020-08-25 04:09:18'),(90,NULL,0,'','','',NULL,'','','',0,'','','','','New',NULL,NULL,NULL,NULL,NULL,NULL,NULL,NULL,NULL,NULL,NULL,NULL,NULL,NULL,NULL,NULL,NULL,NULL,NULL,NULL,NULL,'2020-08-25 04:10:10'),(91,NULL,0,'rty','ertyh','',NULL,'','','',0,'','','','','New',NULL,NULL,NULL,NULL,NULL,NULL,NULL,NULL,NULL,NULL,NULL,NULL,'dfghj','dfghj',NULL,NULL,NULL,NULL,NULL,NULL,NULL,'2020-08-25 04:21:08'),(92,NULL,0,'asd','','',NULL,'','','',0,'','','','','New',NULL,NULL,NULL,NULL,NULL,NULL,NULL,NULL,NULL,NULL,NULL,NULL,NULL,NULL,NULL,NULL,NULL,NULL,NULL,NULL,NULL,'2020-08-25 04:22:41'),(93,NULL,0,'','','',NULL,'','','',0,'','','','','New',NULL,NULL,NULL,NULL,NULL,NULL,NULL,NULL,NULL,NULL,NULL,NULL,NULL,NULL,NULL,NULL,NULL,NULL,NULL,NULL,NULL,'2020-08-25 04:23:29'),(94,NULL,0,'','','',NULL,'','','',0,'','','','','New',NULL,NULL,NULL,NULL,NULL,NULL,NULL,NULL,NULL,NULL,NULL,NULL,NULL,NULL,NULL,NULL,NULL,NULL,NULL,NULL,NULL,'2020-08-25 04:24:47'),(95,NULL,0,'','','',NULL,'','','',0,'','','','','New',NULL,NULL,NULL,NULL,NULL,NULL,NULL,NULL,NULL,NULL,NULL,NULL,NULL,NULL,NULL,NULL,NULL,NULL,NULL,NULL,NULL,'2020-08-25 04:25:01'),(96,NULL,0,'','','',NULL,'','','',0,'','','','','New',NULL,NULL,NULL,NULL,NULL,NULL,NULL,NULL,NULL,NULL,NULL,NULL,NULL,NULL,NULL,NULL,NULL,NULL,NULL,NULL,NULL,'2020-08-25 04:46:40'),(97,NULL,0,'','','',NULL,'','','',0,'','','','','New',NULL,NULL,NULL,NULL,NULL,NULL,NULL,NULL,NULL,NULL,NULL,NULL,NULL,NULL,NULL,NULL,NULL,NULL,NULL,NULL,NULL,'2020-08-25 04:47:36'),(98,NULL,0,'','','',NULL,'','','',0,'','','','','New',NULL,NULL,NULL,NULL,NULL,NULL,NULL,NULL,NULL,NULL,NULL,NULL,NULL,NULL,NULL,NULL,NULL,NULL,NULL,NULL,NULL,'2020-08-25 04:49:37'),(99,NULL,0,'','','',NULL,'','','',0,'','','','','New',NULL,NULL,NULL,NULL,NULL,NULL,NULL,NULL,NULL,NULL,NULL,NULL,'fghjk,','vbnm,',NULL,NULL,NULL,NULL,NULL,NULL,NULL,'2020-08-25 04:50:56'),(100,NULL,0,'','','',NULL,'','','',0,'','','','','New',NULL,NULL,NULL,NULL,NULL,NULL,NULL,NULL,NULL,NULL,NULL,NULL,NULL,NULL,NULL,NULL,NULL,NULL,NULL,NULL,NULL,'2020-08-25 04:52:01'),(101,NULL,0,'','','',NULL,'','','',0,'','','','','New',NULL,NULL,NULL,NULL,NULL,NULL,NULL,NULL,NULL,NULL,NULL,NULL,NULL,NULL,NULL,NULL,NULL,NULL,NULL,NULL,NULL,'2020-08-25 04:58:21'),(102,NULL,0,'','','',NULL,'','','',0,'','','','','New',NULL,NULL,NULL,NULL,NULL,NULL,NULL,NULL,NULL,NULL,NULL,NULL,'sdfasdf','asdf',NULL,NULL,NULL,NULL,NULL,NULL,NULL,'2020-08-25 04:59:28'),(103,NULL,0,'asdf','','',NULL,'','','',0,'','','','','New',NULL,NULL,NULL,NULL,NULL,NULL,NULL,NULL,NULL,NULL,NULL,NULL,NULL,NULL,NULL,NULL,NULL,NULL,NULL,NULL,NULL,'2020-08-25 05:53:22'),(104,NULL,0,'','','',NULL,'','','',0,'','','','','New',NULL,NULL,NULL,NULL,NULL,NULL,NULL,NULL,NULL,NULL,NULL,NULL,NULL,NULL,NULL,NULL,NULL,NULL,NULL,NULL,NULL,'2020-08-25 06:19:46'),(105,NULL,0,'','','',NULL,'','','',0,'','','','','New',NULL,NULL,NULL,NULL,NULL,NULL,NULL,NULL,NULL,NULL,NULL,NULL,NULL,NULL,NULL,NULL,NULL,NULL,NULL,NULL,NULL,'2020-08-25 06:21:00'),(106,NULL,0,'','','',NULL,'','','',0,'','','','','New',NULL,NULL,NULL,NULL,NULL,NULL,NULL,NULL,NULL,NULL,NULL,NULL,NULL,NULL,NULL,NULL,NULL,NULL,NULL,NULL,NULL,'2020-08-25 06:23:29'),(107,NULL,0,'','','',NULL,'','','',0,'','','','','New',NULL,NULL,NULL,NULL,NULL,NULL,NULL,NULL,NULL,NULL,NULL,NULL,NULL,NULL,NULL,NULL,NULL,NULL,NULL,NULL,NULL,'2020-08-25 06:25:25'),(108,NULL,0,'asd','ads','',NULL,'','','',0,'','','','','New',NULL,NULL,NULL,NULL,NULL,NULL,NULL,NULL,NULL,NULL,NULL,NULL,NULL,NULL,NULL,NULL,NULL,NULL,NULL,NULL,NULL,'2020-08-25 06:27:22'),(109,NULL,0,'','','',NULL,'','','',0,'','','','','New',NULL,NULL,NULL,NULL,NULL,NULL,NULL,NULL,NULL,NULL,NULL,NULL,NULL,NULL,NULL,NULL,NULL,NULL,NULL,NULL,NULL,'2020-08-25 06:30:15'),(110,NULL,0,'','','',NULL,'','','',0,'','','','','New',NULL,NULL,NULL,NULL,NULL,NULL,NULL,NULL,NULL,NULL,NULL,NULL,NULL,NULL,NULL,NULL,NULL,NULL,NULL,NULL,NULL,'2020-08-25 06:40:26'),(111,NULL,0,'','','',NULL,'','','',0,'','','','','New',NULL,NULL,NULL,NULL,NULL,NULL,NULL,NULL,NULL,NULL,NULL,NULL,NULL,NULL,NULL,NULL,NULL,NULL,NULL,NULL,NULL,'2020-08-25 07:34:40'),(112,NULL,0,'','','',NULL,'','','',0,'','','','','New',NULL,NULL,NULL,NULL,NULL,NULL,NULL,NULL,NULL,NULL,NULL,NULL,NULL,NULL,NULL,NULL,NULL,NULL,NULL,NULL,NULL,'2020-08-25 07:34:41'),(113,NULL,0,'','','',NULL,'','','',0,'','','','','New',NULL,NULL,NULL,NULL,NULL,NULL,NULL,NULL,NULL,NULL,NULL,NULL,NULL,NULL,NULL,NULL,NULL,NULL,NULL,NULL,NULL,'2020-08-25 07:36:51'),(114,NULL,0,'','','',NULL,'','','',0,'','','','','New',NULL,NULL,NULL,NULL,NULL,NULL,NULL,NULL,NULL,NULL,NULL,NULL,NULL,NULL,NULL,NULL,NULL,NULL,NULL,NULL,NULL,'2020-08-25 07:39:50'),(115,NULL,0,'','','',NULL,'','','',0,'','','','','New',NULL,NULL,NULL,NULL,NULL,NULL,NULL,NULL,NULL,NULL,NULL,NULL,NULL,NULL,NULL,NULL,NULL,NULL,NULL,NULL,NULL,'2020-08-25 07:42:48'),(116,NULL,0,'','','',NULL,'','','',0,'','','','','New',NULL,NULL,NULL,NULL,NULL,NULL,NULL,NULL,NULL,NULL,NULL,NULL,NULL,NULL,NULL,NULL,NULL,NULL,NULL,NULL,NULL,'2020-08-25 07:46:38'),(117,NULL,0,'sadf','asdf','asdfdf',NULL,'asdf','','',0,'','','','','New',NULL,NULL,NULL,NULL,NULL,NULL,NULL,NULL,NULL,NULL,NULL,NULL,NULL,NULL,NULL,NULL,NULL,NULL,NULL,NULL,NULL,'2020-08-26 16:55:40'),(118,NULL,0,'sfsdf','sdf','sdf',NULL,'sdf','sdf','sdf',0,'','','','','New',NULL,NULL,NULL,NULL,NULL,NULL,NULL,NULL,NULL,NULL,NULL,NULL,NULL,NULL,NULL,NULL,NULL,NULL,NULL,NULL,NULL,'2020-08-26 16:57:05'),(119,NULL,0,'asdf','asdfd','ssdfg',NULL,'35345345345','sfdg','sdfgsdfgf',0,'sdfg','sdfg','sdfg','sdfg','New',NULL,NULL,NULL,NULL,NULL,NULL,NULL,NULL,NULL,NULL,NULL,NULL,NULL,NULL,NULL,NULL,NULL,NULL,NULL,NULL,NULL,'2020-08-27 14:15:40'),(120,NULL,0,'sdf','sdf','',NULL,'sdf','','',0,'','','','','New',NULL,NULL,NULL,NULL,NULL,NULL,NULL,NULL,NULL,NULL,NULL,NULL,NULL,NULL,NULL,NULL,NULL,NULL,NULL,NULL,NULL,'2020-08-27 14:19:16'),(121,NULL,0,'asd','asd','sd',NULL,'asd','','',0,'','','','','New',NULL,NULL,NULL,NULL,NULL,NULL,NULL,NULL,NULL,NULL,NULL,NULL,NULL,NULL,NULL,NULL,NULL,NULL,NULL,NULL,NULL,'2020-08-27 14:20:31'),(122,NULL,0,'asdasdsasds','asdasdas','',NULL,'','','',0,'','','','','New',NULL,NULL,NULL,NULL,NULL,NULL,NULL,NULL,NULL,NULL,NULL,NULL,NULL,NULL,NULL,NULL,NULL,NULL,NULL,NULL,NULL,'2020-08-27 14:21:45'),(123,NULL,0,'name','last','emai',NULL,'phn','cont','add',1,'build','area','hrbp','manager','New',NULL,NULL,NULL,NULL,NULL,NULL,NULL,NULL,NULL,NULL,NULL,NULL,NULL,NULL,NULL,NULL,NULL,NULL,NULL,NULL,NULL,'2020-08-27 14:28:12'),(124,NULL,0,'sdfsdf','sdf','sdf',NULL,'sdf','sdf','sdf',1,'sdf','sdf','sdf','sdf','New',NULL,NULL,NULL,NULL,NULL,NULL,NULL,NULL,NULL,NULL,NULL,NULL,NULL,NULL,NULL,NULL,NULL,NULL,NULL,NULL,NULL,'2020-08-27 14:34:59'),(125,NULL,0,'asdf','asdff','asdf',NULL,'asdff','asdf','asdf',1,'fdsas','asdfd','asdf','asdff','New',NULL,NULL,NULL,NULL,NULL,NULL,NULL,NULL,NULL,NULL,NULL,NULL,NULL,NULL,NULL,NULL,NULL,NULL,NULL,NULL,NULL,'2020-08-27 14:36:16'),(126,NULL,0,'asdf','sdf','',NULL,'','','',0,'','','','','New',NULL,NULL,NULL,NULL,NULL,NULL,NULL,NULL,NULL,NULL,NULL,NULL,NULL,NULL,NULL,NULL,NULL,NULL,NULL,NULL,NULL,'2020-08-27 14:43:39'),(127,NULL,0,'asd','asd','ds',NULL,'asd','asd','asd',1,'asd','','','','New',NULL,NULL,NULL,NULL,NULL,NULL,NULL,NULL,NULL,NULL,NULL,NULL,NULL,NULL,NULL,NULL,NULL,NULL,NULL,NULL,NULL,'2020-08-27 14:50:19'),(128,NULL,0,'asd','asd','ds',NULL,'asd','asd','asd',1,'asd','asd','asd','asd','New',NULL,NULL,NULL,NULL,NULL,NULL,NULL,NULL,NULL,NULL,NULL,NULL,NULL,NULL,NULL,NULL,NULL,NULL,NULL,NULL,NULL,'2020-08-27 14:50:43'),(129,NULL,0,'ertyui','dfghj','dfgh',NULL,'dfghj','fghj','fghj',0,'','','','','New',NULL,NULL,NULL,NULL,NULL,NULL,NULL,NULL,NULL,NULL,NULL,NULL,NULL,NULL,NULL,NULL,NULL,NULL,NULL,NULL,NULL,'2020-08-27 14:54:30'),(130,NULL,0,'ertyui','dfghj','dfgh',NULL,'dfghj','fghj','fghj',0,'','aaaaaaaaaa','','','New',NULL,NULL,NULL,NULL,NULL,NULL,NULL,NULL,NULL,NULL,NULL,NULL,NULL,NULL,NULL,NULL,NULL,NULL,NULL,NULL,NULL,'2020-08-27 14:57:34'),(131,NULL,0,'sdf','','',NULL,'','','',0,'','','','','New',NULL,NULL,NULL,NULL,NULL,NULL,NULL,NULL,NULL,NULL,NULL,NULL,NULL,NULL,NULL,NULL,NULL,NULL,NULL,NULL,NULL,'2020-08-27 15:00:51'),(132,NULL,0,'sdf','','',NULL,'asd','','',0,'','','','','New',NULL,NULL,NULL,NULL,NULL,NULL,NULL,NULL,NULL,NULL,NULL,NULL,NULL,NULL,NULL,NULL,NULL,NULL,NULL,NULL,NULL,'2020-08-27 15:01:17'),(133,NULL,0,'asdf','asdf','e',NULL,'sdf','e','',0,'','','','','New',NULL,NULL,NULL,NULL,NULL,NULL,NULL,NULL,NULL,NULL,NULL,NULL,NULL,NULL,NULL,NULL,NULL,NULL,NULL,NULL,NULL,'2020-08-27 15:03:51'),(134,NULL,0,'asd','asd','',NULL,'','','',0,'','','','','New',NULL,NULL,NULL,NULL,NULL,NULL,NULL,NULL,NULL,NULL,NULL,NULL,NULL,NULL,NULL,NULL,NULL,NULL,NULL,NULL,NULL,'2020-08-27 15:05:26'),(135,NULL,0,'asd','','',NULL,'','','',0,'','','','','New',NULL,NULL,NULL,NULL,NULL,NULL,NULL,NULL,NULL,NULL,NULL,NULL,NULL,NULL,NULL,NULL,NULL,NULL,NULL,NULL,NULL,'2020-08-27 15:07:24'),(136,NULL,0,'asd','','',NULL,'','','',0,'','','','','New',NULL,NULL,NULL,NULL,NULL,NULL,NULL,NULL,NULL,NULL,NULL,NULL,NULL,NULL,NULL,NULL,NULL,NULL,NULL,NULL,NULL,'2020-08-27 15:07:37'),(137,NULL,0,'asd','ssssssssss','',NULL,'','','sssssss',0,'','','','','New',NULL,NULL,NULL,NULL,NULL,NULL,NULL,NULL,NULL,NULL,NULL,NULL,NULL,NULL,NULL,NULL,NULL,NULL,NULL,NULL,NULL,'2020-08-27 15:08:45'),(138,NULL,0,'asd','asdd','asd',NULL,'asd','','',0,'','','','','New',NULL,NULL,NULL,NULL,NULL,NULL,NULL,NULL,NULL,NULL,NULL,NULL,NULL,NULL,NULL,NULL,NULL,NULL,NULL,NULL,NULL,'2020-08-27 16:21:48'),(139,NULL,0,'as','sdf','',NULL,'','','',0,'','','','','New',NULL,NULL,NULL,NULL,NULL,NULL,NULL,NULL,NULL,NULL,NULL,NULL,NULL,NULL,NULL,NULL,NULL,NULL,NULL,NULL,NULL,'2020-08-27 16:43:56'),(140,NULL,0,'asd','sdf','',NULL,'','','',0,'','','','','New',NULL,NULL,NULL,NULL,NULL,NULL,NULL,NULL,NULL,NULL,NULL,NULL,NULL,NULL,NULL,NULL,NULL,NULL,NULL,NULL,NULL,'2020-08-27 16:44:38'),(141,NULL,0,'','','',NULL,'','dfssfdsa','gfdsa',0,'','','','','New',NULL,NULL,NULL,NULL,NULL,NULL,NULL,NULL,NULL,NULL,NULL,NULL,NULL,NULL,NULL,NULL,NULL,NULL,NULL,NULL,NULL,'2020-08-27 16:46:28'),(142,NULL,0,'','','',NULL,'','','',0,'','','','','New',NULL,NULL,NULL,NULL,NULL,NULL,NULL,NULL,NULL,NULL,NULL,NULL,NULL,NULL,NULL,NULL,NULL,NULL,NULL,NULL,NULL,'2020-08-27 16:49:09'),(143,NULL,0,'','','',NULL,'','','',0,'','','','','New',NULL,NULL,NULL,NULL,NULL,NULL,NULL,NULL,NULL,NULL,NULL,NULL,NULL,NULL,NULL,NULL,NULL,NULL,NULL,NULL,NULL,'2020-08-27 16:50:27'),(144,NULL,0,'','','',NULL,'','','',0,'','','','','New',NULL,NULL,NULL,NULL,NULL,NULL,NULL,NULL,NULL,NULL,NULL,NULL,NULL,NULL,NULL,NULL,NULL,NULL,NULL,NULL,NULL,'2020-08-27 16:57:39'),(145,NULL,0,'asdf','asdf','',NULL,'','','',0,'','','','','New',NULL,NULL,NULL,NULL,NULL,NULL,NULL,NULL,NULL,NULL,NULL,NULL,'ssssssss','ddddddddd',NULL,NULL,NULL,NULL,NULL,NULL,NULL,'2020-08-27 17:02:57'),(146,NULL,0,'','','',NULL,'','','',0,'','','','','New',NULL,NULL,NULL,NULL,NULL,NULL,NULL,NULL,NULL,NULL,NULL,NULL,'asd','sfdg',NULL,NULL,NULL,NULL,NULL,NULL,NULL,'2020-08-27 17:08:57'),(147,NULL,0,'','','',NULL,'','','',0,'','','','','New',NULL,NULL,NULL,NULL,NULL,NULL,NULL,NULL,NULL,NULL,NULL,NULL,NULL,NULL,NULL,NULL,NULL,NULL,NULL,NULL,NULL,'2020-08-27 17:10:41'),(148,NULL,0,'asdf','asdf','',NULL,'sdf','','',0,'','','','','New',NULL,NULL,NULL,NULL,NULL,NULL,NULL,NULL,NULL,NULL,NULL,NULL,'sdf','sdf',NULL,NULL,NULL,NULL,NULL,NULL,NULL,'2020-08-27 17:35:14'),(149,NULL,0,'','','',NULL,'','','',0,'','','','','New',NULL,NULL,NULL,NULL,NULL,NULL,NULL,NULL,NULL,NULL,NULL,NULL,'asdsf','dsf',NULL,NULL,NULL,NULL,NULL,NULL,NULL,'2020-08-27 17:38:29'),(150,NULL,0,'','','',NULL,'','','',0,'','','','','New',NULL,NULL,NULL,NULL,NULL,NULL,NULL,NULL,NULL,NULL,NULL,NULL,NULL,NULL,NULL,NULL,NULL,NULL,NULL,NULL,NULL,'2020-08-27 17:45:56'),(151,NULL,0,'','','',NULL,'','','',0,'','','','','New',NULL,NULL,NULL,NULL,NULL,NULL,NULL,NULL,NULL,NULL,NULL,NULL,NULL,NULL,NULL,NULL,NULL,NULL,NULL,NULL,NULL,'2020-08-27 17:46:50'),(152,NULL,0,'','','',NULL,'','','',0,'','','','','New',NULL,NULL,NULL,NULL,NULL,NULL,NULL,NULL,NULL,NULL,NULL,NULL,NULL,NULL,NULL,NULL,NULL,NULL,NULL,NULL,NULL,'2020-08-27 17:47:28'),(153,NULL,0,'','','',NULL,'','','',0,'','','','','New',NULL,NULL,NULL,NULL,NULL,NULL,NULL,NULL,NULL,NULL,NULL,NULL,NULL,NULL,NULL,NULL,NULL,NULL,NULL,NULL,NULL,'2020-08-27 17:50:20'),(154,NULL,0,'','','',NULL,'','asdff','',0,'','','','','New',NULL,NULL,NULL,NULL,NULL,NULL,NULL,NULL,NULL,NULL,NULL,NULL,'asdf','asdf',NULL,NULL,NULL,NULL,NULL,NULL,NULL,'2020-08-27 17:54:26'),(155,NULL,1,'L B Sastry','CH','sastrylal@gmail.com',NULL,'9290266674','9290266674','address',1,'Building001','Hyd','HRBP','Manager','Case Closed',NULL,NULL,NULL,NULL,NULL,NULL,NULL,NULL,NULL,NULL,NULL,NULL,NULL,NULL,'','Quarantine + Testing',1,1,'2020-09-17','2020-09-30','asdf','2020-08-28 10:19:14'),(156,NULL,0,'','','',NULL,'','','',0,'','','','','New',NULL,NULL,NULL,NULL,NULL,NULL,NULL,NULL,NULL,NULL,NULL,NULL,NULL,NULL,NULL,NULL,NULL,NULL,NULL,NULL,NULL,'2020-08-28 17:02:47'),(157,NULL,0,'Srinivas','rao','srinivasarao.nelluri@cepheid.com',NULL,'9000927359','9998887776','H-NO: 168\nmadhpur,hyderabad',0,'building1','madhapur','T. Hanumanthu rao','T. Hanumanthu rao','New',NULL,NULL,NULL,NULL,NULL,NULL,NULL,NULL,NULL,NULL,NULL,NULL,NULL,NULL,NULL,NULL,NULL,NULL,NULL,NULL,NULL,'2020-08-28 17:52:00'),(158,NULL,0,'','','',NULL,'','','',0,'','','','','New',NULL,NULL,NULL,NULL,NULL,NULL,NULL,NULL,NULL,NULL,NULL,NULL,NULL,NULL,NULL,NULL,NULL,NULL,NULL,NULL,NULL,'2020-08-28 17:53:35'),(159,NULL,0,'','','',NULL,'','','',0,'','','','','New',NULL,NULL,NULL,NULL,NULL,NULL,NULL,NULL,NULL,NULL,NULL,NULL,NULL,NULL,NULL,NULL,NULL,NULL,NULL,NULL,NULL,'2020-08-28 17:54:26'),(160,NULL,0,'test','test','test@gmail.com',NULL,'123456789','arun','testing',1,'building 1','test','hrbp name','mamager name','New',NULL,NULL,NULL,NULL,NULL,NULL,NULL,NULL,NULL,NULL,NULL,NULL,NULL,NULL,NULL,NULL,NULL,NULL,NULL,NULL,NULL,'2020-08-29 04:33:15'),(161,NULL,0,'sdf','','',NULL,'','','',0,'','','','','New',NULL,NULL,NULL,NULL,NULL,NULL,NULL,NULL,NULL,NULL,NULL,NULL,NULL,NULL,NULL,NULL,NULL,NULL,NULL,NULL,NULL,'2020-08-29 04:36:46'),(162,NULL,0,'asdf','','',NULL,'','','',0,'','','','','New',NULL,NULL,NULL,NULL,NULL,NULL,NULL,NULL,NULL,NULL,NULL,NULL,NULL,NULL,NULL,NULL,NULL,NULL,NULL,NULL,NULL,'2020-08-29 04:39:03'),(163,NULL,0,'asdrrr','last name','email',NULL,'contact info','e contact','address',0,'building name','area','hrbp name','manager name','Review',NULL,NULL,NULL,NULL,NULL,NULL,NULL,NULL,NULL,NULL,NULL,NULL,'asdf','asdff',NULL,NULL,NULL,NULL,NULL,NULL,NULL,'2020-08-29 04:40:17'),(164,NULL,0,'asda','asdf','',NULL,'','','',0,'','','','','New',NULL,NULL,NULL,NULL,NULL,NULL,NULL,NULL,NULL,NULL,NULL,NULL,NULL,NULL,NULL,NULL,NULL,NULL,NULL,NULL,NULL,'2020-08-29 16:45:30'),(165,NULL,0,'Srinivas','Nelluri','',NULL,'','','',0,'','','','','New',NULL,NULL,NULL,NULL,NULL,NULL,NULL,NULL,NULL,NULL,NULL,NULL,NULL,NULL,NULL,NULL,NULL,NULL,NULL,NULL,NULL,'2020-08-29 17:05:41'),(166,NULL,0,'Srinivas','Nelluri','',NULL,'','','',0,'','','','','New',NULL,NULL,NULL,NULL,NULL,NULL,NULL,NULL,NULL,NULL,NULL,NULL,NULL,NULL,NULL,NULL,NULL,NULL,NULL,NULL,NULL,'2020-08-29 17:06:05'),(167,NULL,0,'Srinivas','nelluri','',NULL,'','','',0,'','','','','New',NULL,NULL,NULL,NULL,NULL,NULL,NULL,NULL,NULL,NULL,NULL,NULL,NULL,NULL,NULL,NULL,NULL,NULL,NULL,NULL,NULL,'2020-08-29 17:12:01'),(168,NULL,0,'test','set','sdf',NULL,'sdf','sdf','',0,'','','','','New',NULL,NULL,NULL,NULL,NULL,NULL,NULL,NULL,NULL,NULL,NULL,NULL,'asdf','asdf',NULL,NULL,NULL,NULL,NULL,NULL,NULL,'2020-08-30 10:34:14'),(169,NULL,0,'aa','','',NULL,'','','',0,'','','','','New','Exposed',NULL,NULL,NULL,NULL,NULL,NULL,NULL,NULL,NULL,NULL,NULL,'sdf',NULL,NULL,NULL,NULL,NULL,NULL,NULL,NULL,'2020-08-30 10:42:09'),(170,NULL,0,'test arun','test','testArun@123.com',NULL,'95044235444','contact','asdasdsdasd',1,'building ','afasdfd','hrbp name','mamager name','New','Exposed','2020-08-10','ASAf',NULL,NULL,NULL,NULL,NULL,NULL,NULL,NULL,NULL,'asdfasddfs','asdkggn',NULL,'No Action',NULL,NULL,NULL,NULL,NULL,'2020-08-30 12:41:20'),(171,NULL,0,'srinivas','nelluri','srinivasarao.nelluri@cepheid.com',NULL,'8686101046','9998887776','pobox 1234, West road 234',0,'building1','near main road','srinivaas','sadiq','New',NULL,NULL,NULL,NULL,NULL,NULL,NULL,NULL,NULL,NULL,NULL,NULL,NULL,NULL,NULL,NULL,NULL,NULL,NULL,NULL,NULL,'2020-08-30 14:12:21'),(172,NULL,0,'srinivas','rao','srinivasarao.nelluri@cepheid.com',NULL,'9000927359','9998887776','H-NO: 168\nBhavya cements,Tangeda,Dachepalli',0,'','','T. Hanumanthu rao','T. Hanumanthu rao','New',NULL,NULL,NULL,NULL,NULL,NULL,NULL,NULL,NULL,NULL,NULL,NULL,NULL,NULL,NULL,NULL,NULL,NULL,NULL,NULL,NULL,'2020-08-30 18:15:33'),(173,NULL,1,'srinivasarao','nelluri','srinivasarao.nelluri@cepheid.com',NULL,'8686101046','9998887776','Building 1 , cepheid 123, west road',0,'building1','madhapur','Ramneet Sandhu','anudeep','HRM Reviewed',NULL,NULL,NULL,NULL,NULL,NULL,NULL,NULL,NULL,NULL,NULL,NULL,'first floor, cepheid building 1',NULL,NULL,'No Action',NULL,NULL,NULL,NULL,NULL,'2020-08-31 06:45:10'),(174,NULL,0,'','','',NULL,'','','',0,'','','','','New',NULL,NULL,NULL,NULL,NULL,NULL,NULL,NULL,NULL,NULL,NULL,NULL,NULL,NULL,NULL,NULL,NULL,NULL,NULL,NULL,NULL,'2020-08-31 14:24:46'),(175,NULL,7,'Anudeep','Duri','anudeep.duri@cepheid.com',NULL,'','','Flat No 103 Block 2 AVR Homes\nSai Ram Nagar Miyapur',0,'Cepheid','Texas','Brett','Ram','Case Closed','Diagnosed',NULL,NULL,1,'2020-08-09','2020-08-10',NULL,NULL,NULL,NULL,NULL,NULL,'IT office',NULL,'Please review','Quarantine + Testing',NULL,1,'2020-08-30',NULL,'test','2020-08-31 16:03:55'),(176,NULL,15,'Surya','N','surya.nalluri@cepheid.com',NULL,'9030236291','','klhkjlhlkhljkhkjhkjhhlj',0,'Cepheid','Texas','Theresa','Ram','Final Action','Exposed','2020-08-25','Having some minor sympton',NULL,NULL,NULL,NULL,NULL,NULL,NULL,NULL,NULL,'Main Building',NULL,'Please review','Quarantine + Testing',1,1,'2020-09-02','2020-09-16','Started quarantine','2020-08-31 16:23:55'),(177,NULL,5,'Anudeep','D','anudeep.duri@cepheid.com',NULL,'+919030236291','','Flat No 103 Block 2 AVR Homes\nSai Ram Nagar Miyapur',0,'Cepheid','Texas','Brett Mcknight','Ram','Case Closed','Exposed','2020-08-25','Having mild symptoms of cold, fever',NULL,NULL,NULL,NULL,NULL,NULL,NULL,NULL,NULL,'Main Building',NULL,'Please Review','Quarantine',NULL,1,'2020-08-31',NULL,'Please start the qurantine','2020-08-31 16:37:20'),(178,NULL,NULL,'','','',NULL,'','','',0,'','','','','New',NULL,NULL,NULL,NULL,NULL,NULL,NULL,NULL,NULL,NULL,NULL,NULL,NULL,NULL,NULL,NULL,NULL,NULL,NULL,NULL,NULL,'2020-09-01 01:33:38'),(179,NULL,NULL,'sri','n','',NULL,'','','',0,'','','','','New',NULL,NULL,NULL,NULL,NULL,NULL,NULL,NULL,NULL,NULL,NULL,NULL,NULL,NULL,NULL,NULL,NULL,NULL,NULL,NULL,NULL,'2020-09-01 01:37:33'),(180,NULL,NULL,'Mohammed','Sadiq','mohammed.sadiq@cepheid.com',NULL,'8801387129','8801387121','Hyderabad',0,'Cadman','Sunnyvale','Theresa','Ram','New','Diagnosed',NULL,NULL,1,'2020-09-09','2020-09-30',NULL,NULL,NULL,NULL,NULL,NULL,'Test','test',NULL,NULL,NULL,NULL,NULL,NULL,NULL,'2020-09-01 11:09:14'),(181,NULL,NULL,'Mohammed','Sadiq','mohammed.sadiq@cepheid.com',NULL,'8801387129','','Hyderabad',1,'Cadman','Sunnyvale','Theresa','Ram','New',NULL,NULL,NULL,NULL,NULL,NULL,NULL,NULL,NULL,NULL,NULL,NULL,NULL,NULL,NULL,NULL,NULL,NULL,NULL,NULL,NULL,'2020-09-01 16:16:38'),(182,NULL,7,'Mohammed','Sadiq','mohammed.sadiq@cepheid.com',NULL,'8801387129','8801387128','Hyderbad',1,'Cadman','Sunnyvale','Theresa','Ram','Case Closed','Exposed','2020-08-01','Lorem Ipsum',NULL,NULL,NULL,NULL,NULL,NULL,NULL,NULL,NULL,'Test','test','This Application is good to be reviewed','Quarantine',1,1,'2020-09-11','2020-09-25','test','2020-09-01 16:25:11'),(183,NULL,5,'Anudeep','Duri','anudeep.duri@cepheid.com',NULL,'+919030236291','','Flat no 103 Block 2 AVR Homes\nMiyapur',0,'Cepheid','Texas','Brett McKnight','Ram','Case Closed','Exposed','2020-09-01','dfsdfsd',NULL,NULL,NULL,NULL,NULL,NULL,NULL,NULL,NULL,'sdfsgfx',NULL,'send to review','No Action',NULL,NULL,NULL,NULL,NULL,'2020-09-01 18:34:52'),(184,NULL,18,'Srinivas','nelluri','srinivasarao.nelluri@cepheid.com',NULL,'8686101046','9998887776','Floor 1, cepheid building 2, texas',1,'cepheid building 1','texas','melissa monroe','Ram','Final Action','Exposed','2020-08-28','testing',NULL,NULL,NULL,NULL,NULL,NULL,NULL,NULL,NULL,'Cepheid building 1',NULL,'need testing','Quarantine + Testing',1,1,'2020-09-05','2020-09-19','Will start','2020-09-02 08:44:24'),(185,NULL,13,'srinivas','Test1','srinivasarao.nelluri@cepheid.com',NULL,'8686101046','9908577896','Cepheid building 2, Texes',1,'cepheid building 1','texas','Lyndsey Clogston','Surya','Final Action','Quarantine',NULL,NULL,NULL,NULL,NULL,NULL,NULL,NULL,NULL,NULL,NULL,'Cepheid building 1, texes, 2nd floor',NULL,'Completed quarantine and need to test again','Quarantine + Testing',1,1,'2020-09-25','2020-09-30','testing','2020-09-02 08:54:03'),(186,NULL,0,'srinivas','test2','',NULL,'','','',0,'','','','','New',NULL,NULL,NULL,NULL,NULL,NULL,NULL,NULL,NULL,NULL,NULL,NULL,NULL,NULL,NULL,NULL,NULL,NULL,NULL,NULL,NULL,'2020-09-02 08:55:59'),(187,NULL,21,'srinivas','nelluri','srinivasarao.nelluri@cepheid.com',NULL,'8686101046','9998887776','neev systems , Hyderabad',1,'srinivas bulding','kukatpally','Linda Taylor','sadiq','Case Closed','Diagnosed',NULL,NULL,0,'2020-08-31','2020-08-28',NULL,NULL,NULL,NULL,NULL,NULL,'Neev systems 2nd floor',NULL,'Please review this case if need test again','Quarantine',1,NULL,NULL,NULL,NULL,'2020-09-02 17:14:37'),(188,NULL,14,'arun','kolla','srinivasarao.nelluri@cepheid.com',NULL,'1234567890','2225558889','',0,'cepheid building 1','madhapur','Regina Bhardwaj','sadiq','Final Action','Exposed','2020-09-01','Testing exposed',NULL,NULL,NULL,NULL,NULL,NULL,NULL,NULL,NULL,'Building 1',NULL,'','Quarantine',1,1,'2020-09-03','2020-09-17','testing','2020-09-02 17:55:55'),(189,NULL,14,'sadiq','Mo','mohammed.sadiq@cepheid.com',NULL,'444555668','7778889995','Cepheid 12 , building1',0,'','texas','Regina Bhardwaj','Ram','Case Closed','Symptoms',NULL,NULL,NULL,NULL,NULL,NULL,'2020-09-01','getting brath probleam',1,'2020-09-02',NULL,'building 123',NULL,'','No Action',NULL,NULL,NULL,NULL,NULL,'2020-09-02 18:06:16'),(190,NULL,1,'L B Sastry','CH','sastrylal@gmail.com',NULL,'9290266674','9290266674','address',1,'Building001','Hyd','HRBP','Manager','HRM Reviewed','Exposed','2020-09-06','testing added description',NULL,NULL,NULL,NULL,NULL,NULL,NULL,NULL,NULL,'cepheid building 2',NULL,'testing review for sending to CRT','Quarantine + Testing',NULL,NULL,NULL,NULL,NULL,'2020-09-03 00:13:07'),(191,190,1,'L B Sastry','CH','sastrylal@gmail.com',NULL,'9290266674','9290266674','address',1,'Building001','Hyd','HRBP','Manager','Final Action',NULL,NULL,NULL,NULL,NULL,NULL,NULL,NULL,NULL,NULL,NULL,NULL,NULL,NULL,'','Quarantine + Testing',NULL,NULL,NULL,NULL,NULL,'2020-09-03 00:15:02'),(192,NULL,1,'L B Sastry','CH','sastrylal@gmail.com',NULL,'9290266674','9290266674','address',1,'Building001','Hyd','HRBP','Manager','HRM Reviewed','Diagnosed',NULL,NULL,0,'2020-09-06','2020-09-30',NULL,NULL,NULL,NULL,NULL,NULL,'Nothing','nothing','','Quarantine + Testing',NULL,NULL,NULL,NULL,NULL,'2020-09-03 00:15:40'),(193,NULL,17,'srinivasarao','nelluri','srinivasarao.nelluri@cepheid.com',NULL,'8686110046','2225558887','1st floor, cepheid building 1',0,'cepheid building 1','texes',NULL,'Sadiq','New','Symptoms',NULL,NULL,NULL,NULL,NULL,NULL,'2020-09-01','feeling difficult in breathing',0,NULL,NULL,'cepheid building  1',NULL,NULL,NULL,NULL,NULL,NULL,NULL,NULL,'2020-09-03 11:24:24'),(194,NULL,8,'sdf','sdf','xvcxcv.cepheid.com',NULL,'sdfsdf','dg','sdf',0,'cvcvb','xcv','Brett McKnight','vc','New',NULL,NULL,NULL,NULL,NULL,NULL,NULL,NULL,NULL,NULL,NULL,NULL,NULL,NULL,NULL,NULL,NULL,NULL,NULL,NULL,NULL,'2020-09-04 04:47:36'),(195,NULL,4,'srinivas','nelluri','srinivasarao.nelluri@cepheid.com',NULL,'8686101046','9908577896','2nd floor, cepheid building 2,hitex city',1,'building1','madhapur','Rony Gaglianone Calhau','Ram','New','Exposed','2020-09-03','we went to client meeting yesterday after that i fell uneasy',NULL,NULL,NULL,NULL,NULL,NULL,NULL,NULL,NULL,'2nd floor, cepheid building, hitex city',NULL,NULL,NULL,NULL,NULL,NULL,NULL,NULL,'2020-09-04 13:22:27'),(196,NULL,8,'asdfg','sdfg','sdfg@cepheid.com',NULL,'sdfg','dsfg','wert',0,'adfsdf','sdfg','Brett McKnight','sdfg','New','Quarantine',NULL,NULL,NULL,NULL,NULL,NULL,NULL,NULL,NULL,NULL,NULL,'fdsdf','sdfg',NULL,NULL,NULL,NULL,NULL,NULL,NULL,'2020-09-04 15:16:03'),(197,NULL,10,'asd','sfd','sdf',NULL,'sdf','sdf','dfgsdf',0,'sdg','cfbxc','Lyndsey Clogston','adfg','HRM Reviewed','Quarantine',NULL,NULL,NULL,NULL,NULL,NULL,NULL,NULL,NULL,NULL,NULL,'sdfg','sdfg','sent for reiew','Quarantine + Testing',NULL,NULL,NULL,NULL,NULL,'2020-09-04 15:28:20'),(198,NULL,9,'srinivas','nelluri','srinivasarao.nelluri@cepheid.com',NULL,'8686101046','9908577896','2nd floor, Cepheid building 2, hitex city',1,'sri sai nilayam','kukatpally','Lyndsey Clogston','Sadiq','Case Closed','Diagnosed',NULL,NULL,1,'2020-09-01','2020-09-05',NULL,NULL,NULL,NULL,NULL,NULL,NULL,NULL,'need to review','Quarantine + Testing',1,1,'2020-09-05','2020-09-19','Started quarintine today and end date is 09/1912020','2020-09-05 11:25:31'),(199,NULL,7,'anudeep','duri','anudeep.duri@cepheid.com',NULL,'9908577896','8686101046','2nd floor, cepheid building 2',0,'Cepheid','madhapur','Brett McKnight','sadiq','New','Exposed',NULL,'',NULL,NULL,NULL,NULL,NULL,NULL,NULL,NULL,NULL,NULL,NULL,NULL,NULL,NULL,NULL,NULL,NULL,NULL,'2020-09-05 12:17:55'),(200,173,1,'Anudeep','D','anudeep.duri@cepheid.com',NULL,'8555044023','9290266674','Flat No 103 Block 2 AVR Homes\nSai Ram Nagar Miyapur',0,'Cepheid','Texas','Ramneet Sandhu','Ram','New','Exposed','2020-09-07','Contact with parent case 173',NULL,NULL,NULL,NULL,NULL,NULL,NULL,NULL,NULL,'Building 1',NULL,NULL,NULL,NULL,NULL,NULL,NULL,NULL,'2020-09-07 13:49:15'),(201,NULL,5,'srinivas','nelluri','srinivasarao.nelluri@cepheid.com',NULL,'8686101046','9908577896','2nd floor, Cepheid building, Texus',1,'sri sai nilayam','madhapur','Brett McKnight','Sadiq','New','Exposed','2020-09-05','Testing description field,Testing description field,Testing description field,Testing description field,Testing description field',NULL,NULL,NULL,NULL,NULL,NULL,NULL,NULL,NULL,'@nd floor, cepheid building',NULL,NULL,NULL,NULL,NULL,NULL,NULL,NULL,'2020-09-07 15:31:05'),(202,NULL,7,'T.','rao','srinivasarao.nelluri@cepheid.com',NULL,'9000927359','9998887776','Hyderabad',1,' building 1','madhapur','Brett McKnight','Hanumanthu rao','New','Exposed','2020-09-08','testing',NULL,NULL,NULL,NULL,NULL,NULL,NULL,NULL,NULL,'building 1',NULL,NULL,'',NULL,NULL,NULL,NULL,NULL,'2020-09-07 15:48:49'),(203,NULL,1,'L B Sastry','CH','sastrylal@gmail.com',NULL,'9290266674','9290266674','address',1,'Building001','Hyd','HRBP','Manager','HRM Reviewed',NULL,NULL,NULL,NULL,NULL,NULL,NULL,NULL,NULL,NULL,NULL,NULL,NULL,NULL,'','Quarantine + Testing',NULL,NULL,NULL,NULL,NULL,'2020-09-14 10:18:15'),(204,NULL,15,'sadiq','Mohammed','mohammed.sadiq@cepheid.com',NULL,'8686101046','9908577896','2nd floor, cepheid building 2, texes',1,'sri sai nilayam','madhapur','Theresa Halol','Surya','Case Closed','Diagnosed',NULL,NULL,1,'2020-09-14','2020-09-11',NULL,NULL,NULL,NULL,NULL,NULL,'2nd floor, cepheid bulding 2',NULL,'testing sending for review','No Action',NULL,NULL,'2020-09-08',NULL,'Covid-19 test result is negative','2020-09-14 15:35:05'),(205,176,4,'Sadiq','M','mohammed.sadiq@cepheid.com',NULL,'9998887776','222333444555','building1',0,'test','test','Rony Gaglianone Calhau','test','New','Exposed',NULL,'',NULL,NULL,NULL,NULL,NULL,NULL,NULL,NULL,NULL,NULL,NULL,NULL,NULL,NULL,NULL,NULL,NULL,NULL,'2020-09-14 17:15:40'),(206,NULL,4,'asdf','k','mohammed.sadiq@cepheid.com',NULL,'983434343','dfg','annojiguda',0,'dfg','area','Rony Gaglianone Calhau','dfg','New','Exposed',NULL,'',NULL,NULL,NULL,NULL,NULL,NULL,NULL,NULL,NULL,NULL,NULL,NULL,NULL,NULL,NULL,NULL,NULL,NULL,'2020-09-16 02:16:50'),(207,NULL,8,'asdf','sdf','mohammed.sadiq@cepheid.com',NULL,'asd','sdf','annojiguda',0,'asdf','asd','Brett McKnight','mamager name','New','Exposed',NULL,'',NULL,NULL,NULL,NULL,NULL,NULL,NULL,NULL,NULL,NULL,NULL,NULL,'Quarantine + Testing',NULL,NULL,NULL,NULL,NULL,'2020-09-16 02:23:01'),(208,NULL,10,'sdfg','sdfg','mohammed.sadiq@cepheid.com',NULL,'sdfg','sdfg','annojiguda',0,'sdf','dfg','Lyndsey Clogston','adfg','New','Exposed',NULL,'',NULL,NULL,NULL,NULL,NULL,NULL,NULL,NULL,NULL,NULL,NULL,NULL,NULL,NULL,NULL,NULL,NULL,NULL,'2020-09-16 02:32:04'),(209,NULL,5,'Arunkumar','k','mohammed.sadiq@cepheid.com',NULL,'xzcv','asdf','annojiguda',0,'dfg','sdf','Brett McKnight','sdfg','New','Exposed',NULL,'',NULL,NULL,NULL,NULL,NULL,NULL,NULL,NULL,NULL,NULL,NULL,NULL,NULL,NULL,NULL,NULL,NULL,NULL,'2020-09-16 02:33:29'),(210,NULL,10,'sdfg','asd','mohammed.sadiq@cepheid.com',NULL,'sdf','sdf','annojiguda',0,'d','asdf','Lyndsey Clogston','adfg','New','Exposed',NULL,'',NULL,NULL,NULL,NULL,NULL,NULL,NULL,NULL,NULL,NULL,NULL,NULL,NULL,NULL,NULL,NULL,NULL,NULL,'2020-09-16 02:35:31'),(211,NULL,9,'Arunkumar','k','mohammed.sadiq@cepheid.com',NULL,'sdf','asdf','annojiguda',0,'sdfg','sdfg','Lyndsey Clogston','sdf','New','Exposed',NULL,'',NULL,NULL,NULL,NULL,NULL,NULL,NULL,NULL,NULL,NULL,NULL,NULL,NULL,NULL,NULL,NULL,NULL,NULL,'2020-09-16 03:04:20'),(212,NULL,2,'sdfg','k','mohammed.sadiq@cepheid.com',NULL,'asd','dfg','annojiguda',0,'sdfg','asdf','Ramneet Sandhu','sdfg','CRT Reviewed','Exposed',NULL,'',NULL,NULL,NULL,NULL,NULL,NULL,NULL,NULL,NULL,NULL,NULL,'hgv',NULL,NULL,NULL,NULL,NULL,NULL,'2020-09-16 03:10:42'),(213,NULL,1,'Anudeep','D','anudeep.duri@cepheid.com',NULL,'+919030236291','9290266674','Hyderabad',0,'abc','Hyderabad','Anudeep D','Anudeep D','New','Quarantine',NULL,NULL,NULL,NULL,NULL,NULL,NULL,NULL,NULL,NULL,NULL,'test','test',NULL,NULL,NULL,NULL,NULL,NULL,NULL,'2020-09-16 09:44:29'),(214,NULL,1,'Anudeep','D','anudeep.gmr@gmail.com',NULL,'+919030236291','9290266674','Hyderabad',1,'Building001','Hyderabad','Ramneet Sandhu','Anudeep D','New','Quarantine',NULL,NULL,NULL,NULL,NULL,NULL,NULL,NULL,NULL,NULL,NULL,'dfvdfv','gfvfdgvfg',NULL,NULL,NULL,NULL,NULL,NULL,NULL,'2020-09-16 10:06:24'),(215,NULL,5,'Anudeep','D','anudeep.duri@cepheid.com',NULL,'9912312312','9912312312','Test',1,'','','Brett McKnight','John','New',NULL,NULL,NULL,NULL,NULL,NULL,NULL,NULL,NULL,NULL,NULL,NULL,NULL,NULL,NULL,NULL,NULL,NULL,NULL,NULL,NULL,'2020-09-16 12:47:26'),(216,NULL,10,'Anudeep','D','anudeep.duri@cepheid.com',NULL,'anudeep@gmail.com','99123123123','test',0,'asd','asd','Lyndsey Clogston','John','New',NULL,NULL,NULL,NULL,NULL,NULL,NULL,NULL,NULL,NULL,NULL,NULL,NULL,NULL,NULL,NULL,NULL,NULL,NULL,NULL,NULL,'2020-09-16 13:15:12'),(217,NULL,7,'Anudeep','D','anudeep.duri@cepheid.com',NULL,'9912345678','99123123123','test',1,'','','Brett McKnight','John','New','Exposed',NULL,'',NULL,NULL,NULL,NULL,NULL,NULL,NULL,NULL,NULL,NULL,NULL,NULL,NULL,NULL,NULL,NULL,NULL,NULL,'2020-09-16 13:21:33'),(218,NULL,1,'Sri','Kalluri','Sri.Kalluri@cepheid.com',NULL,'9030236291','9290266674','test address',0,'Building001','Texas','Ramneet Sandhu','Ram','HRM Reviewed','Quarantine',NULL,NULL,NULL,NULL,NULL,NULL,NULL,NULL,NULL,NULL,NULL,'test buildinf','build','Please review','Quarantine + Testing',NULL,NULL,NULL,NULL,NULL,'2020-09-16 13:57:48'),(219,NULL,2,'Anudeep','D','anudeep.duri@cepheid.com',NULL,'123456789','12356789','test',1,'','','Ramneet Sandhu','Jhon','New',NULL,NULL,NULL,NULL,NULL,NULL,NULL,NULL,NULL,NULL,NULL,NULL,NULL,NULL,NULL,NULL,NULL,NULL,NULL,NULL,NULL,'2020-09-16 14:28:32'),(220,NULL,1,'test','D','anudeep.duri@cepheid.com',NULL,'12','12','asd',1,'','','Ramneet Sandhu','John','New','Exposed','2020-09-16','',NULL,NULL,NULL,NULL,NULL,NULL,NULL,NULL,NULL,NULL,NULL,NULL,NULL,NULL,NULL,NULL,NULL,NULL,'2020-09-16 14:41:24'),(221,NULL,4,'Srinivas','nelluri','mohammed.sadiq@cepheid.com',NULL,'8889994443','9908577896','cepheid building 1',1,'','','Rony Gaglianone Calhau','Sadiq','New','Exposed',NULL,'',NULL,NULL,NULL,NULL,NULL,NULL,NULL,NULL,NULL,NULL,NULL,NULL,NULL,NULL,NULL,NULL,NULL,NULL,'2020-09-16 17:47:59'),(222,NULL,5,'test','D','anudeep.duri@cepheid.com',NULL,'9912345678','99123123123','test',1,'','','Brett McKnight','John','New','Exposed',NULL,'',NULL,NULL,NULL,NULL,NULL,NULL,NULL,NULL,NULL,NULL,NULL,NULL,NULL,NULL,NULL,NULL,NULL,NULL,'2020-09-17 19:03:07'),(223,NULL,7,'sdfg','k','mohammed.sadiq@cepheid.com',NULL,'sdfg','asdf','erer',0,'adfsdf','asd','Brett McKnight','dfg','New',NULL,NULL,NULL,NULL,NULL,NULL,NULL,NULL,NULL,NULL,NULL,NULL,NULL,NULL,NULL,NULL,NULL,NULL,NULL,NULL,NULL,'2020-09-18 02:27:30'),(224,NULL,5,'srinivas','nelluri','mohammed.sadiq@cepheid.com',NULL,'8886667772','9998887776','Sri sai apartments,\nMadhapur',1,'','','Brett McKnight','Ram','Case Closed','Diagnosed',NULL,NULL,1,'2020-09-03','2020-09-02',NULL,NULL,NULL,NULL,NULL,NULL,'building 2, cepheid2',NULL,'please review','Quarantine + Testing',1,NULL,NULL,NULL,'test  result ','2020-09-18 13:19:36'),(225,224,7,'arun','arun','arun@cepheid.com',NULL,'222222555555555555555555555','8885552221','Madhapur',0,'building 1','2','Brett McKnight','sadiq','New','Exposed',NULL,'',NULL,NULL,NULL,NULL,NULL,NULL,NULL,NULL,NULL,NULL,NULL,NULL,NULL,NULL,NULL,NULL,NULL,NULL,'2020-09-18 14:40:38'),(226,NULL,1,'sdf','as','anudeep.duri@cepheid.com',NULL,'asd','ds','sdsdf',0,'asd','sas','Ramneet Sandhu','adas','New','Exposed',NULL,'',NULL,NULL,NULL,NULL,NULL,NULL,NULL,NULL,NULL,NULL,NULL,NULL,NULL,NULL,NULL,NULL,NULL,NULL,'2020-09-19 15:46:05'),(227,NULL,1,'Anudeep','D','anudeep.gmr@gmail.com',NULL,'+919030236291','9290266674','Hyderabad',1,'','','Ramneet Sandhu','Anudeep D','New',NULL,NULL,NULL,NULL,NULL,NULL,NULL,NULL,NULL,NULL,NULL,NULL,NULL,NULL,NULL,NULL,NULL,NULL,NULL,NULL,NULL,'2020-09-21 14:05:06'),(228,NULL,12,'asdf','sdf','mohammed.sadiq@cepheid.com',NULL,'Mohammed.sadiq@cepheid.com','sdfg','Emerald Park Phase 1, Annojiguda, Majarguda, Telangana 501301',0,'2','asdf','Regina Bhardwaj','dfg','New',NULL,NULL,NULL,NULL,NULL,NULL,NULL,NULL,NULL,NULL,NULL,NULL,NULL,NULL,NULL,NULL,NULL,NULL,NULL,NULL,NULL,'2020-09-22 18:25:44'),(229,NULL,1,'Anudeep','D','anudeep.duri@cepheid.com',NULL,'+919030236291','9290266674','Hyderabad',1,'','','Ramneet Sandhu','Ram','New','Exposed','2020-09-23','',NULL,NULL,NULL,NULL,NULL,NULL,NULL,NULL,NULL,'svsfvdg ',NULL,NULL,NULL,NULL,NULL,NULL,NULL,NULL,'2020-09-23 12:38:34'),(230,NULL,5,'Mo','Sadiq','mohammed.sadiq@cepheid.com',NULL,'8801387129','8801387128','Test',1,'','','Brett McKnight','Ram','New','Symptoms',NULL,NULL,NULL,NULL,NULL,NULL,'2020-09-22','',0,NULL,NULL,NULL,NULL,NULL,NULL,NULL,NULL,NULL,NULL,NULL,'2020-09-23 16:32:33'),(231,NULL,11,'Arunkumar','sdfg','mohammed.sadiq@cepheid.com','test@gmail.com','sdfg','asdf','Emerald Park Phase 1, Annojiguda, Majarguda, Telangana 501301',0,'2','asd','Lyndsey Clogston','sdfg','New',NULL,NULL,NULL,NULL,NULL,NULL,NULL,NULL,NULL,NULL,NULL,NULL,NULL,NULL,NULL,NULL,NULL,NULL,NULL,NULL,NULL,'2020-09-23 18:53:09'),(232,NULL,11,'asdf','sdf','mohammed.sadiq@cepheid.com','test@gmail.com','asd','dfg','Emerald Park Phase 1, Annojiguda, Majarguda, Telangana 501301',0,'2','sdfg','Lyndsey Clogston','sdfg','New','Diagnosed',NULL,NULL,0,NULL,NULL,NULL,NULL,NULL,NULL,NULL,NULL,'asfd','asdf',NULL,NULL,NULL,NULL,NULL,NULL,NULL,'2020-09-23 18:59:03');
/*!40000 ALTER TABLE `tbl_cases` ENABLE KEYS */;
UNLOCK TABLES;

--
-- Table structure for table `tbl_departments`
--

DROP TABLE IF EXISTS `tbl_departments`;
/*!40101 SET @saved_cs_client     = @@character_set_client */;
/*!50503 SET character_set_client = utf8mb4 */;
CREATE TABLE `tbl_departments` (
  `department_id` int(11) NOT NULL,
  `department_name` varchar(200) NOT NULL,
  `is_active` tinyint(4) DEFAULT '1'
) ENGINE=InnoDB DEFAULT CHARSET=utf8;
/*!40101 SET character_set_client = @saved_cs_client */;

--
-- Dumping data for table `tbl_departments`
--

LOCK TABLES `tbl_departments` WRITE;
/*!40000 ALTER TABLE `tbl_departments` DISABLE KEYS */;
INSERT INTO `tbl_departments` VALUES (1,'Commercial-Sales',1),(2,'Commercial-Service',1),(3,'Commercial-Marketing',1),(4,'Human Resources',1),(5,'Finance',1),(6,'Legal',1),(7,'IT',1),(8,'GAMA',1),(9,'Quality',1),(10,'Regulatory',1),(11,'Clinical',1),(12,'Oncology',1),(13,'R&D',1),(14,'CMTO',1),(15,'Engineering',1),(16,'PMO',1),(17,'Strategic Development',1),(18,'Operations',1),(19,'Commerical Sales & Operations',1),(20,'Marketing',1),(21,'Sr. HRBP-Global Customer Care',1);
/*!40000 ALTER TABLE `tbl_departments` ENABLE KEYS */;
UNLOCK TABLES;

--
-- Table structure for table `tbl_user_departments`
--

DROP TABLE IF EXISTS `tbl_user_departments`;
/*!40101 SET @saved_cs_client     = @@character_set_client */;
/*!50503 SET character_set_client = utf8mb4 */;
CREATE TABLE `tbl_user_departments` (
  `user_id` int(11) NOT NULL,
  `department_id` int(11) NOT NULL,
  PRIMARY KEY (`user_id`,`department_id`),
  KEY `tbldpt` (`department_id`)
) ENGINE=InnoDB DEFAULT CHARSET=utf8;
/*!40101 SET character_set_client = @saved_cs_client */;

--
-- Dumping data for table `tbl_user_departments`
--

LOCK TABLES `tbl_user_departments` WRITE;
/*!40000 ALTER TABLE `tbl_user_departments` DISABLE KEYS */;
INSERT INTO `tbl_user_departments` VALUES (13,1),(13,2),(13,3),(14,4),(15,5),(15,6),(15,7),(15,8),(16,9),(16,10),(16,11),(17,12),(17,13),(17,14),(18,15),(18,16),(19,18),(20,19),(27,20),(31,20),(29,21);
/*!40000 ALTER TABLE `tbl_user_departments` ENABLE KEYS */;
UNLOCK TABLES;

--
-- Table structure for table `tbl_users`
--

DROP TABLE IF EXISTS `tbl_users`;
/*!40101 SET @saved_cs_client     = @@character_set_client */;
/*!50503 SET character_set_client = utf8mb4 */;
CREATE TABLE `tbl_users` (
  `user_id` int(11) NOT NULL AUTO_INCREMENT,
  `role` enum('HRM','CRT','HRBP') CHARACTER SET utf8 COLLATE utf8_general_ci DEFAULT NULL,
  `email` varchar(200) NOT NULL,
  `pwd` varchar(100) DEFAULT NULL,
  `first_name` varchar(100) NOT NULL,
  `last_name` varchar(100) DEFAULT NULL,
  PRIMARY KEY (`user_id`),
  UNIQUE KEY `email` (`email`)
) ENGINE=InnoDB AUTO_INCREMENT=34 DEFAULT CHARSET=utf8;
/*!40101 SET character_set_client = @saved_cs_client */;

--
-- Dumping data for table `tbl_users`
--

LOCK TABLES `tbl_users` WRITE;
/*!40000 ALTER TABLE `tbl_users` DISABLE KEYS */;
INSERT INTO `tbl_users` VALUES (1,'HRM','jennifer.marasco@cepheid.com','Admin@123','Jennifer Marasco',NULL),(2,'HRM','karen.frechou-armijo@cepheid.com','Admin@123','Karen Frechou-Armijo',NULL),(3,'HRM','candice.cuthbertson@cepheid.com','Admin@123','Candice Cuthbertson',NULL),(4,'HRM','leslie.molina@cepheid.com','Admin@123','Leslie Molina',NULL),(5,'CRT','laurent.bellon@cepheid.com','Admin@123','Laurent Bellon',NULL),(6,'CRT','shibu.gangadharan@cepheid.com','Admin@123','Shibu Gangadharan',NULL),(7,'CRT','dave.persing@cepheid.com','Admin@123','Dave Persing',NULL),(8,'CRT','michael.loeffelholz@cepheid.com','Admin@123','Michael Loeffelholz',NULL),(9,'CRT','fred.tenover@cepheid.com','Admin@123','Fred Tenover',NULL),(10,'CRT','dave.benjamin@cepheid.com','Admin@123','Dave Benjamin',NULL),(11,'CRT','kimberly.kullen@cepheid.com','Admin@123','Kimberly Kullen',NULL),(12,'CRT','robert.uhlfelder@cepheid.com','Admin@123','Rob Uhlfelder',NULL),(13,'HRBP','ramneet.sandhu@cepheid.com','Admin@123','Ramneet Sandhu',NULL),(14,'HRBP','rony.gaglianonecalhau@cepheid.com','Admin@123','Rony Gaglianone Calhau',NULL),(15,'HRBP','brett.mcknight@cepheid.com','Admin@123','Brett McKnight',NULL),(16,'HRBP','lyndsey.clogston@cepheid.com','Admin@123','Lyndsey Clogston',NULL),(17,'HRBP','regina.bhardwaj@cepheid.com','Admin@123','Regina Bhardwaj',NULL),(18,'HRBP','theresa.halol@cepheid.com','Admin@123','Theresa Halol',NULL),(19,'HRBP','melissa.monroe@cepheid.com','Admin@123','Melissa Monroe',NULL),(20,'HRBP','lin.torres@cepheid.com','Admin@123','Lin Torres',NULL),(27,'HRBP','teresa.ortiz-luna@cepheid.com','Admin@123','Teresa Ortiz-Luna',NULL),(29,'HRBP','linda.taylor@cepheid.com','Admin@123','Linda Taylor',NULL),(30,'HRM','anudeep.duri@cepheid.com','Admin@123','Anudeep','D'),(31,'HRBP','mohammed.sadiq@cepheid.com','Admin@123','Mohammed',NULL),(32,'CRT','afsarunnisa.afsarunnisa@cepheid.com','Admin@123','Afsarunnisa',NULL),(33,'','surya.nalluri@cepheid.com','Admin@123','Surya',NULL);
/*!40000 ALTER TABLE `tbl_users` ENABLE KEYS */;
UNLOCK TABLES;
SET @@SESSION.SQL_LOG_BIN = @MYSQLDUMP_TEMP_LOG_BIN;
/*!40103 SET TIME_ZONE=@OLD_TIME_ZONE */;

/*!40101 SET SQL_MODE=@OLD_SQL_MODE */;
/*!40014 SET FOREIGN_KEY_CHECKS=@OLD_FOREIGN_KEY_CHECKS */;
/*!40014 SET UNIQUE_CHECKS=@OLD_UNIQUE_CHECKS */;
/*!40101 SET CHARACTER_SET_CLIENT=@OLD_CHARACTER_SET_CLIENT */;
/*!40101 SET CHARACTER_SET_RESULTS=@OLD_CHARACTER_SET_RESULTS */;
/*!40101 SET COLLATION_CONNECTION=@OLD_COLLATION_CONNECTION */;
/*!40111 SET SQL_NOTES=@OLD_SQL_NOTES */;

-- Dump completed on 2020-09-24 20:44:17
